filename,label
Toddler Baby Girl One Piece Swimsuits Kids Girls Long Sleeve Strawberry Graphic Print Jumpsuit with .jpeg,Toddler Baby Girl One Piece Swimsuits Kids Girls Long Sleeve Strawberry Graphic Print Jumpsuit with Sun Hat Rash Guards Beach Bathing Suit 6M-3Y
IBTOM CASTLE Toddler Baby Girls Boys Denim Jacket Long Sleeve Button Down Jeans Coat Ripped Hooded T.jpeg,IBTOM CASTLE Toddler Baby Girls Boys Denim Jacket Long Sleeve Button Down Jeans Coat Ripped Hooded Top Fall Cowboy Casual Outwear Clothes 6 Months Light Blue
Pntutb Clearance Womens Active Performance Skort Lightweight Skirt for Running Tennis Golf Sport.jpeg,Pntutb Clearance Womens Active Performance Skort Lightweight Skirt for Running Tennis Golf Sport
Dresses for Women Summer Wedding Guest Short Sleeve V-neck Fashion Pleated Ruffles Mini Beach Dress.jpeg,Dresses for Women Summer Wedding Guest Short Sleeve V-neck Fashion Pleated Ruffles Mini Beach Dress
"Pntutb Womens Plus Size Clearance,Women's Printed Yoga Fitness Leggings Running Gym Stretch Sports P.jpeg","Pntutb Womens Plus Size Clearance,Women's Printed Yoga Fitness Leggings Running Gym Stretch Sports Pants Trousers"
Pntutb Rollback and Clearance Summer Tee Tops for Women Solid Color Round Neck Sleeveless Casual Tan.jpeg,Pntutb Rollback and Clearance Summer Tee Tops for Women Solid Color Round Neck Sleeveless Casual Tank Top
LovelyDaisy Plus Size Vintage Floral Print Sleeveless Rompers For Women Summer Casual Loose O Neck J.jpeg,LovelyDaisy Plus Size Vintage Floral Print Sleeveless Rompers For Women Summer Casual Loose O Neck Jumpsuits Dark Blue L
LovelyDaisy Plus Size Vintage Floral Print Sleeveless Rompers For Women Summer Casual Loose O Neck J.jpeg,LovelyDaisy Plus Size Vintage Floral Print Sleeveless Rompers For Women Summer Casual Loose O Neck Jumpsuits Black S
"Gubotare Golf Shirts for Men Print Moisture Wicking Performance Short Sleeve Polo Shirt (Red,3XL).jpeg","Gubotare Golf Shirts for Men Print Moisture Wicking Performance Short Sleeve Polo Shirt (Red,3XL)"
"FY24 Valentine's Day Holiday Deals! itsun Lingerie Sets for Women Sexy Plus Size, Women Sexy Lace Li.jpeg","FY24 Valentine's Day Holiday Deals! itsun Lingerie Sets for Women Sexy Plus Size, Women Sexy Lace Lingerie Set Strappy Bra and Panty Set Two Piece Crotchless Lingerie White"
Dresses for Women Summer Sleeveless Plus Size Daily Vintage Sunflower Bohemian V Neck Maxi Dress.jpeg,Dresses for Women Summer Sleeveless Plus Size Daily Vintage Sunflower Bohemian V Neck Maxi Dress
Women Hooded Sweater Coat Winter Warm Wool Zipper Coat Cotton Coat Outwearpink ladies jacket【Clearan.jpeg,Women Hooded Sweater Coat Winter Warm Wool Zipper Coat Cotton Coat Outwearpink ladies jacket【Clearance】
Short Queen Size Tailored Drop Ruffled Solid Bed Skirt with Adjustable Elastic Belt Microfiber Fabri.jpeg,"Short Queen Size Tailored Drop Ruffled Solid Bed Skirt with Adjustable Elastic Belt Microfiber Fabric Fade & Wrinkle Resistant Bed Frame Cover Easy to Fit & Care (10 Inch Drop, Lilac)"
"CHEF CODE The Professional Chef Pant with Belt Loops and Zipper Fly, CC223.jpeg","CHEF CODE The Professional Chef Pant with Belt Loops and Zipper Fly, CC223"
Full XL Size Tailored Drop Ruffled Solid Bed Skirt with Adjustable Elastic Belt Microfiber Fabric Fa.jpeg,"Full XL Size Tailored Drop Ruffled Solid Bed Skirt with Adjustable Elastic Belt Microfiber Fabric Fade & Wrinkle Resistant Bed Frame Cover Easy to Fit & Care (10 Inch Drop, Black)"
"Pntutb Ladies Clearance Clothes,Autumn Winter Pullover Print Round Neck Hooded Sweatshirt.jpeg","Pntutb Ladies Clearance Clothes,Autumn Winter Pullover Print Round Neck Hooded Sweatshirt"
New York & Company Men's Tyler Wingtip Oxford.jpeg,New York & Company Men's Tyler Wingtip Oxford
"Pntutb Womens Clearance,Women's Summer Fashion Print Sleeveless Suspenders Pullover Dress Rollback.jpeg","Pntutb Womens Clearance,Women's Summer Fashion Print Sleeveless Suspenders Pullover Dress Rollback"
"USSUMA Mens Cardigan Sweaters, Mens Outwear Long-Sleeved Button Down Cardigan Breathable Oversized C.jpeg","USSUMA Mens Cardigan Sweaters, Mens Outwear Long-Sleeved Button Down Cardigan Breathable Oversized Cardigans Youth Solid Color"
"Abcnature Women Leggings Shorts, Butt Lift Scrunch Textured Leggings Workout Shorts, Basic Slip Bike.jpeg","Abcnature Women Leggings Shorts, Butt Lift Scrunch Textured Leggings Workout Shorts, Basic Slip Bike Shorts, High Waist Tummy Control Yoga Shorts Running Shorts Green 3XL"
"RAW X Men's Slim Fit Skinny Biker Jean, Comfy Flex Stretch Moto Wash Rip Distressed Denim Jeans Pant.jpeg","RAW X Men's Slim Fit Skinny Biker Jean, Comfy Flex Stretch Moto Wash Rip Distressed Denim Jeans Pants"
"G3 Home 90036 Ivy Bedspread Set, White - Queen Size - 3 Piece.jpeg","G3 Home 90036 Ivy Bedspread Set, White - Queen Size - 3 Piece"
Men's Star Wars The Mandalorian The Child Starry Night  Long Sleeve Shirt Black Medium.jpeg,Men's Star Wars: The Mandalorian The Child Starry Night  Long Sleeve Shirt Black Medium
EnJoCho Toddler Children Boys Pull On Shorts Kids Summer Solid Color Elastic Waist Sports Jogger Wor.jpeg,EnJoCho Toddler Children Boys Pull On Shorts Kids Summer Solid Color Elastic Waist Sports Jogger Workout Cargo Pants Shorts Kids Casual Sports Daily Wear Clothes
One Piece Swimsuits for Women Off Shoulder Solid Bathing Suits Beachwear Tummy Control Push Up Swimw.jpeg,"One Piece Swimsuits for Women Off Shoulder Solid Bathing Suits Beachwear Tummy Control Push Up Swimwear,Suitable for Holiday, Travel and Seaside"
Full Size Tailored Drop Ruffled Solid Bed Skirt with Adjustable Elastic Belt Microfiber Fabric Fade .jpeg,"Full Size Tailored Drop Ruffled Solid Bed Skirt with Adjustable Elastic Belt Microfiber Fabric Fade & Wrinkle Resistant Bed Frame Cover Easy to Fit & Care (10 Inch Drop, Burgundy)"
"CHAMPRO Bootleg 2 Integrated PolySpandex Football Game Pants, Adult 2X-Large, Royal.jpeg","CHAMPRO Bootleg 2 Integrated Poly/Spandex Football Game Pants, Adult 2X-Large, Royal"
Winter Fall Dresses for Women Wedding Guest 34 Sleeve Plus Size Cold Shoulder Overlay Asymmetric Chi.jpeg,Winter Fall Dresses for Women Wedding Guest 3/4 Sleeve Plus Size Cold Shoulder Overlay Asymmetric Chiffon Strapless Sequins Dress
Women's Summer Wide Leg Jumpsuits V Neck Sleeveless High Waist Vacation Linen Rompers Dressy.jpeg,Women's Summer Wide Leg Jumpsuits V Neck Sleeveless High Waist Vacation Linen Rompers Dressy
"Pntutb Womens Clearance,Plus Size Women's 34 Sleeve Striped Print V-Neck Loose Fit Tops T-Shirt Roll.jpeg","Pntutb Womens Clearance,Plus Size Women's 3/4 Sleeve Striped Print V-Neck Loose Fit Tops T-Shirt Rollback"
PiccoCasa Soft 190GSM Brushed Polyester 16 Deep Pocket Fitted Sheets Black Full.jpeg,"PiccoCasa Soft 190GSM Brushed Polyester 16"" Deep Pocket Fitted Sheets Black Full"
"Pntutb Womens Clearance,Woman Fashion Print T-shirt Mid-length 34 Sleeve Blouse Round Neck Casual To.jpeg","Pntutb Womens Clearance,Woman Fashion Print T-shirt Mid-length 3/4 Sleeve Blouse Round Neck Casual Tops"
SEGA Sonic The Hedgehog Little Girls Romper Little Kid to Big.jpeg,SEGA Sonic The Hedgehog Little Girls Romper Little Kid to Big
Zenana Women & Plus (S-3X) Soft Rayon Long Sleeve Dolphin Hem V-Neck Tee Shirt Top.jpeg,Zenana Women & Plus (S-3X) Soft Rayon Long Sleeve Dolphin Hem V-Neck Tee Shirt Top
Zenana Women & Plus (S-3X) Soft Rayon Long Sleeve Dolphin Hem V-Neck Tee Shirt Top.jpeg,Zenana Women & Plus (S-3X) Soft Rayon Long Sleeve Dolphin Hem V-Neck Tee Shirt Top
Asklazy Mid Waisted Dolphin Athletic Shorts for Women Lightweight High Split Gym Workout Shorts with.jpeg,"Asklazy Mid Waisted Dolphin Athletic Shorts for Women Lightweight High Split Gym Workout Shorts with Liner Quick Dry,US Size,White，L"
Disney Minnie Mouse Newborn Baby Girls Snap Cosplay Coverall and Hat Newborn to Infant.jpeg,Disney Minnie Mouse Newborn Baby Girls Snap Cosplay Coverall and Hat Newborn to Infant
Men's The Little Mermaid Vintage Characters  Graphic Tee Turquoise Medium.jpeg,Men's The Little Mermaid Vintage Characters  Graphic Tee Turquoise Medium
Amay Egyptian Cotton 600-Thread Count 4-PCs Sheet Set Fits Easily Fit upto 15 Inch Deep Pockets Stri.jpeg,"Amay Egyptian Cotton 600-Thread Count 4-PCs Sheet Set Fits Easily Fit upto 15"" Inch Deep Pockets Stripe( RV Short Queen, Burgundy )"
The Brigitte Full Coverage - Padded Wirefree T-Shirt Bra.jpeg,The Brigitte Full Coverage - Padded Wirefree T-Shirt Bra
Sanmadrola 100% Waterproof Sofa Anti Slip Couch Covers Machine Washable Furniture Covers Leakproof S.jpeg,"Sanmadrola 100% Waterproof Sofa Anti Slip Couch Covers Machine Washable Furniture Covers Leakproof Sofa Slipcover for Dogs, Children, Pets, Gray, Sofa Oversize"
Eytino Plus Size Tops V Neck T Shirts Women Short Sleeve Tops Casual Summer Tshirts Loose Fit Tee Ye.jpeg,Eytino Plus Size Tops V Neck T Shirts Women Short Sleeve Tops Casual Summer Tshirts Loose Fit Tee Yellow 5X
Lux Decor Collection California King Sheets - Ultra Soft Cooling Bed Sheets - Deep Pocket up to 16 -.jpeg,"Lux Decor Collection California King Sheets - Ultra Soft Cooling Bed Sheets - Deep Pocket up to 16"" - Wrinkle, Fade, Stain Resistant - 6 Piece"
Clubman Pinaud Styptic Pencil.jpeg,Clubman Pinaud Styptic Pencil
"WestinTrends Malibu 3-Pieces Outdoor Patio Furniture Set, All Weather Outdoor Seating Plastic Adiron.jpeg","WestinTrends Malibu 3-Pieces Outdoor Patio Furniture Set, All Weather Outdoor Seating Plastic Adirondack Chair Set of 2 with Coffee Table for Porch Lawn Backyard, Turquoise"
Inadays Men's Swim Trunks with Mesh Lining Quick Dry Beach Shorts Sports Shorts Bathing Suit Boardsh.jpeg,"Inadays Men's Swim Trunks with Mesh Lining Quick Dry Beach Shorts Sports Shorts Bathing Suit Boardshorts Swimwear, Black, M"
"Champion Eco 9 oz. Pullover Hood (S700) Black, L.jpeg","Champion Eco 9 oz. Pullover Hood (S700) Black, L"
Anygrew Womens Summer Casual T-Shirt V-Neck Sleeveless Tunic Tops for Leggings Loose Blouse Shirt.jpeg,Anygrew Womens Summer Casual T-Shirt V-Neck Sleeveless Tunic Tops for Leggings Loose Blouse Shirt
Anygrew Womens Summer Casual T-Shirt V-Neck Sleeveless Tunic Tops for Leggings Loose Blouse Shirt.jpeg,Anygrew Womens Summer Casual T-Shirt V-Neck Sleeveless Tunic Tops for Leggings Loose Blouse Shirt
VERABENDI Womens Clothes Plus Size Tops 34 Sleeve Shirts Button Dressy V-Neck Tunic Blouse (M-4XL).jpeg,VERABENDI Womens Clothes Plus Size Tops 3/4 Sleeve Shirts Button Dressy V-Neck Tunic Blouse (M-4XL)
Jusfitsu Vintage One Piece Bathing Suit for Women Tummy Control Womens High Cut Ruched Swimsuits Ban.jpeg,Jusfitsu Vintage One Piece Bathing Suit for Women Tummy Control Womens High Cut Ruched Swimsuits Bandeau Swimwear
Jusfitsu Vintage One Piece Bathing Suit for Women Tummy Control Womens High Cut Ruched Swimsuits Ban.jpeg,Jusfitsu Vintage One Piece Bathing Suit for Women Tummy Control Womens High Cut Ruched Swimsuits Bandeau Swimwear
"Bare Home 2-Pack Fitted Sheets - Premium 1800 Collection - Ultra-soft - Deep Pocket - Queen, White.jpeg","Bare Home 2-Pack Fitted Sheets - Premium 1800 Collection - Ultra-soft - Deep Pocket - Queen, White"
LifeStride Womens Suki Pumps - Medium & Wide Width.jpeg,LifeStride Womens Suki Pumps - Medium & Wide Width
Fantaslook Womens Plus Size Tops Tunic Short Sleeve Shirts Floral Blouses Loose Summer Tops.jpeg,Fantaslook Womens Plus Size Tops Tunic Short Sleeve Shirts Floral Blouses Loose Summer Tops
Fantaslook Womens Plus Size Tops Fall Long Sleeve Shirts Crew Neck Casual Loose Tunic Blouses.jpeg,Fantaslook Womens Plus Size Tops Fall Long Sleeve Shirts Crew Neck Casual Loose Tunic Blouses
"ComfiTime Table Cloth – Fitted Table Cover for 6 Foot, 8 Foot and other Size Rectangle or Round Tabl.png","ComfiTime Table Cloth – Fitted Table Cover for 6 Foot, 8 Foot and other Size Rectangle or Round Tables, Faux Linen/Burlap Tablecloth for Parties w/ Tassel & Embroidery, 55 x 86, Ivory White"
All Season Camel 3 Piece Twin Size Down Alternative Comforter Set with Corner Tabs.jpeg,All Season Camel 3 Piece Twin Size Down Alternative Comforter Set with Corner Tabs
"Mellanni King Pillowcases 4 Pack, Envelope Closure Microfiber Luxury Covers, 20x40, Sand.jpeg","Mellanni King Pillowcases 4 Pack, Envelope Closure Microfiber Luxury Covers, 20""x40"", Sand"
Iceglad Polo Shirts for Men Short Sleeve Soft Cotton Collared Shirt.jpeg,Iceglad Polo Shirts for Men Short Sleeve Soft Cotton Collared Shirt
"Hauteloom Milliken Hallway, Kitchen Runner Rug - Updated Traditional - Orange, Purple, Gray - 2'7 x .jpeg","Hauteloom Milliken Hallway, Kitchen Runner Rug - Updated Traditional - Orange, Purple, Gray - 2'7"" x 7'3"""
"Noble Linens Navy Blue Diamond Pattern 2-Piece Duvet Cover Set, TwinTwinXL.jpeg","Noble Linens Navy Blue Diamond Pattern 2-Piece Duvet Cover Set, Twin/TwinXL"
"SGI Bedding 21 Inch Wrap Around Bed Skirt  Microfiber Bed Skirt  Fade Resistant, Wrinkle Free, Anti-.jpeg","SGI Bedding 21 Inch Wrap Around Bed Skirt | Microfiber Bed Skirt | Fade Resistant, Wrinkle Free, Anti-static, Decorative, Extra Storage Space, Clutter-Free | Full, Teal"
"SGI Bedding 18 Inch Wrap Around Bed Skirt  Microfiber Bed Skirt  Fade Resistant, Wrinkle Free, Anti-.jpeg","SGI Bedding 18 Inch Wrap Around Bed Skirt | Microfiber Bed Skirt | Fade Resistant, Wrinkle Free, Anti-static, Decorative, Extra Storage Space, Clutter-Free | California King, Navy Blue"
Zenana Plus Size Brushed Microfiber Mock Turtleneck Long Sleeve Lightweight Tee Shirt Top.jpeg,Zenana Plus Size Brushed Microfiber Mock Turtleneck Long Sleeve Lightweight Tee Shirt Top
Iceglad Men's Hawaiian Shirt Short Sleeve Casual Button Down Shirt for Men Printed Summer Beach Shir.jpeg,Iceglad Men's Hawaiian Shirt Short Sleeve Casual Button Down Shirt for Men Printed Summer Beach Shirt
"LELINTA Women Plus Size Summer Tunic Dress V Neck Casual Loose Flowy Swing Shift Dresses, Black Gree.jpeg","LELINTA Women Plus Size Summer Tunic Dress V Neck Casual Loose Flowy Swing Shift Dresses, Black/ Green/ Navy Blue/ Wine Red/ Caramel, S-2XL"
RBX Boys' Athletic T-Shirt - 2 Pack Active Performance Dry-Fit Sports Tee (Size 4-16).png,RBX Boys' Athletic T-Shirt - 2 Pack Active Performance Dry-Fit Sports Tee (Size: 4-16)
"Independent Trading Co. Womens Lightweight Cropped Hooded Sweatshirt, XS, Blush.jpeg","Independent Trading Co. Womens Lightweight Cropped Hooded Sweatshirt, XS, Blush"
"Women & Plus Cotton High Waist Full Length Cotton Workout Leggings (BLACKCHARCOAL, M).jpeg","Women & Plus Cotton High Waist Full Length Cotton Workout Leggings (BLACK/CHARCOAL, M)"
LZLER Mens Casual Chino Pants Stretch Slim Fit Flat Front Dress Pants.jpeg,LZLER Mens Casual Chino Pants Stretch Slim Fit Flat Front Dress Pants
"NELEUS Mens Running Tank Top Dry Fit Y-Back Athletic Workout Tank Tops 3 Pack,Purple+Pink+White,US S.jpeg","NELEUS Mens Running Tank Top Dry Fit Y-Back Athletic Workout Tank Tops 3 Pack,Purple+Pink+White,US Size L"
Jessica London Women's Plus Size 2-Piece Stretch Knit Duster Set.jpeg,Jessica London Women's Plus Size 2-Piece Stretch Knit Duster Set
"Pntutb Womens Clearance,Plus Size Women's Print V Neck Short Sleeve Long T-Shirt Blouse Rollback.jpeg","Pntutb Womens Clearance,Plus Size Women's Print V Neck Short Sleeve Long T-Shirt Blouse Rollback"
"Pntutb Womens Clearance,Plus Size Women's Print V Neck Short Sleeve Long T-Shirt Blouse Rollback.jpeg","Pntutb Womens Clearance,Plus Size Women's Print V Neck Short Sleeve Long T-Shirt Blouse Rollback"
RELLECIGA Women's High Waisted Bikini Bottom Tummy Control Swimsuit Bottom.jpeg,RELLECIGA Women's High Waisted Bikini Bottom Tummy Control Swimsuit Bottom
Amay Grommet Top Blackout Curtain Panel Greyish White 150 inch Wide by 84 inch Long-1 Panel.jpeg,Amay Grommet Top Blackout Curtain Panel Greyish White 150 inch Wide by 84 inch Long-1 Panel
"2-PACK Chef Code Basic Short Sleeve Chef Coat with Pearl Buttons, Chef Jacket, Red, 4XL.jpeg","2-PACK Chef Code Basic Short Sleeve Chef Coat with Pearl Buttons, Chef Jacket, Red, 4XL"
Amay 800 Thread Count 100% Organic Cotton Twin XL Size 1PC Flat Sheet ( 70x102 ) Aqua Blue Striped.jpeg,Amay 800 Thread Count 100% Organic Cotton Twin XL Size 1PC Flat Sheet ( 70x102 ) Aqua Blue Striped
Amay 800 Thread Count 100% Organic Cotton Full Size 1PC Flat Sheet (81x96 ) Lavender Striped.jpeg,Amay 800 Thread Count 100% Organic Cotton Full Size 1PC Flat Sheet (81x96 ) Lavender Striped
Amay 800 Thread Count 100% Organic Cotton Grand KingSuper King Size 1PC Flat Sheet (110x125 ) Royal .jpeg,Amay 800 Thread Count 100% Organic Cotton Grand King/Super King Size 1PC Flat Sheet (110x125 ) Royal Blue Striped
Amay 800 Thread Count 100% Organic Cotton Short Queen Size 1PC Flat Sheet (90x102 ) Pink Striped.jpeg,Amay 800 Thread Count 100% Organic Cotton Short Queen Size 1PC Flat Sheet (90x102 ) Pink Striped
Amay 800 Thread Count 100% Organic Cotton RV King Size 1PC Flat Sheet (102x108) Lavender Striped.jpeg,Amay 800 Thread Count 100% Organic Cotton RV King Size 1PC Flat Sheet (102x108) Lavender Striped
Amay Grommet Top Blackout Curtain Panel White 120 inch Wide by 120 inch Long-1 Panel.jpeg,Amay Grommet Top Blackout Curtain Panel White 120 inch Wide by 120 inch Long-1 Panel
"Exclusivo Mezcla Orthopedic Pet Bed for Small Dogs 20''X15'', Egg Crate Foam Small Dog Beds with Rem.jpeg","Exclusivo Mezcla Orthopedic Pet Bed for Small Dogs 20''X15'', Egg Crate Foam Small Dog Beds with Removable Washable Cover,Waterproof Pet Bed Mat, Navy Blue"
Men's Work To Weekend® Khaki Flat Front Pant Classic Fit 41114957522.jpeg,Men's Work To Weekend® Khaki Flat Front Pant Classic Fit 41114957522
LifeStride Womens Mexico Strappy Wedge Sandals - Medium & Wide Width.jpeg,LifeStride Womens Mexico Strappy Wedge Sandals - Medium & Wide Width
Eurivicy Women's Plus Size T Shirts Summer Short Sleeve Pullover Tunic Tops.jpeg,Eurivicy Women's Plus Size T Shirts Summer Short Sleeve Pullover Tunic Tops
Zenana Womens's Cotton Stretch Mid Thigh Length Leggings Fitness Sport Biker Shorts.jpeg,Zenana Womens's Cotton Stretch Mid Thigh Length Leggings Fitness Sport Biker Shorts
Women's Bali DFELS1 EasyLite Seamless Brief Panty (Taupe 6).jpeg,Women's Bali DFELS1 EasyLite Seamless Brief Panty (Taupe 6)
Maidenform Womens M by Maidenform Seamless Lift Bralette Style-DM2316.jpeg,Maidenform Womens M by Maidenform Seamless Lift Bralette Style-DM2316
SHIBEVER Women T-Shirts Summer Short Sleeve Tops Casual Loose Tunic Tops Side Split Ladies Comfortab.jpeg,SHIBEVER Women T-Shirts Summer Short Sleeve Tops Casual Loose Tunic Tops Side Split Ladies Comfortable Crewneck Tops Blouse Purple S
SHIBEVER Women T-Shirts Summer Short Sleeve Tops Casual Loose Tunic Tops Side Split Ladies Comfortab.jpeg,SHIBEVER Women T-Shirts Summer Short Sleeve Tops Casual Loose Tunic Tops Side Split Ladies Comfortable Crewneck Tops Blouse Purple M
The Bella + Canvas Unisex 34 Sleeve Baseball T-Shirt - WHITE MAROON - XS.jpeg,The Bella + Canvas Unisex 3/4 Sleeve Baseball T-Shirt - WHITE/ MAROON - XS
UVN Sweatsuits Womens 2pcs Sets Jogger Set Casual 2 Piece Outfit Striped Sweatshirts Long Tracksuits.jpeg,UVN Sweatsuits Womens 2pcs Sets Jogger Set Casual 2 Piece Outfit Striped Sweatshirts Long Tracksuits
Men’s Multivitamin by Super Nutrition - Vitamin & Mineral Blend with Supporting Herbs & Whole Foods .jpeg,"Men’s Multivitamin by Super Nutrition - Vitamin & Mineral Blend with Supporting Herbs & Whole Foods - Energy & Immune Support - Gluten Free, Non-GMO - 30 Chewable Tablets - Wild Berry"
NYX Jumbo Eye Pencil (Color  #610 - Oyster).jpeg,NYX Jumbo Eye Pencil (Color : #610 - Oyster)
Drecage Toddler Boys Girls Cute Cartoon Clogs Kids Lightweight Garden Shoes Beach Pool Sandals.jpeg,Drecage Toddler Boys Girls Cute Cartoon Clogs Kids Lightweight Garden Shoes Beach Pool Sandals
Hawaiian Shaved Ice Snow Cone Syrup - Coconut Flavor (Pint).jpeg,Hawaiian Shaved Ice Snow Cone Syrup - Coconut Flavor (Pint)
Cueply Women's Running Shorts High Waisted Athletic Gym Workout Shorts with Liner Zipper Pockets.jpeg,Cueply Women's Running Shorts High Waisted Athletic Gym Workout Shorts with Liner Zipper Pockets
Cueply Women's Running Shorts High Waisted Athletic Gym Workout Shorts with Liner Zipper Pockets.jpeg,Cueply Women's Running Shorts High Waisted Athletic Gym Workout Shorts with Liner Zipper Pockets
"Bakell - Royal Gold Tinker Dust (5g, x1 Jar) Edible Glitter for Cake Decorating, Cupcakes, Cookies a.jpeg","Bakell - Royal Gold Tinker Dust (5g, x1 Jar) Edible Glitter for Cake Decorating, Cupcakes, Cookies and Other Desserts"
Men's Jurassic Park T Rex Logo  Graphic Tee Athletic Heather Large.jpeg,Men's Jurassic Park T Rex Logo  Graphic Tee Athletic Heather Large
"Golden Krust Jamaican Jerk Style Chicken Patty 1 Count, 5oz (Frozen).jpeg","Golden Krust Jamaican Jerk Style Chicken Patty 1 Count, 5oz (Frozen)"
J. Adams Stormi Heeled Sandals Women Dressy Summer Flat Mules- Square Toe Double Band Low Block Heel.jpeg,"J. Adams Stormi Heeled Sandals Women Dressy Summer Flat Mules- Square Toe Double Band Low Block Heel Sandals - Chunky Sandals for Women - Summer Sandals, Womens Dress Sandals, Women's Heeled Sandals"
IBTOM CASTLE Women's One Piece Rash Guard Swimsuit UV Protection Floral Printed Surfing Zipper Swimw.jpeg,IBTOM CASTLE Women's One Piece Rash Guard Swimsuit UV Protection Floral Printed Surfing Zipper Swimwear Bathing Suit Beachwear S Green Leaves
IBTOM CASTLE Women's One Piece Rash Guard Swimsuit UV Protection Floral Printed Surfing Zipper Swimw.jpeg,IBTOM CASTLE Women's One Piece Rash Guard Swimsuit UV Protection Floral Printed Surfing Zipper Swimwear Bathing Suit Beachwear S Pink + Yellow Floral
Scooby Doo Men's Ruh-Roh! Scooby Character Sleep Lounge Pajama Pants.jpeg,Scooby Doo Men's Ruh-Roh! Scooby Character Sleep Lounge Pajama Pants
Nature Novelty 9' x 12' Multi-Color Polypropylene Indoor Area Rug.jpeg,Nature Novelty 9' x 12' Multi-Color Polypropylene Indoor Area Rug
Avidlove Christmas Romper Pajamas for Women Sexy Santa Velvet Lingerie Jumpsuit Shorts Bodysuit with.jpeg,"Avidlove Christmas Romper Pajamas for Women Sexy Santa Velvet Lingerie Jumpsuit Shorts Bodysuit with Belt Sexy Santa Claus Outfits,Red"
Amay Grommet Blackout Curtain Panel True Red 84 Inch Wide by 108 Inch Long -1Panel.jpeg,Amay Grommet Blackout Curtain Panel True Red 84 Inch Wide by 108 Inch Long -1Panel
Amay Grommet Blackout Curtain Panel Baby Pink 84 Inch Wide by 96 Inch Long -1Panel.jpeg,Amay Grommet Blackout Curtain Panel Baby Pink 84 Inch Wide by 96 Inch Long -1Panel
Wolverine Raider DuraShocks Waterproof Met-Guard CarbonMAX Work Wellington Men Peanut.jpeg,Wolverine Raider DuraShocks Waterproof Met-Guard CarbonMAX Work Wellington Men Peanut
Zenana Women & Plus Basic Cotton Relaxed Fit V-Neck Long Sleeve Plain Active Casual T-ShirtTop(S-3X).jpeg,Zenana Women & Plus Basic Cotton Relaxed Fit V-Neck Long Sleeve Plain Active Casual T-ShirtTop(S-3X)
Dpityserensio 39.3In Flat Solid Color Shoe Laces 10+ Colours Shoelaces Football Boots Trainer Shoes .jpeg,Dpityserensio 39.3In Flat Solid Color Shoe Laces 10+ Colours Shoelaces Football Boots Trainer Shoes Pink
Men's Marvel Deadpool No One Cares  Graphic Tee Black 1X Big Tall.jpeg,Men's Marvel Deadpool No One Cares  Graphic Tee Black 1X Big Tall
3 Packs of TheLovely Men & Women Long Sleeve Baseball Raglan Tee Shirt Top (S-3XL).jpeg,3 Packs of TheLovely Men & Women Long Sleeve Baseball Raglan Tee Shirt Top (S-3XL)
TheLovely Men & Women Long Sleeve Baseball Raglan Tee Shirt Top (S-3XL).jpeg,TheLovely Men & Women Long Sleeve Baseball Raglan Tee Shirt Top (S-3XL)
3 Packs of TheLovely Men's 34 Sleeve Crew Neck Raglan Jersey Baseball Tee Shirts.jpeg,3 Packs of TheLovely Men's 3/4 Sleeve Crew Neck Raglan Jersey Baseball Tee Shirts
TheLovely Men & Women Long Sleeve Baseball Raglan Tee Shirt Top (S-3XL).jpeg,TheLovely Men & Women Long Sleeve Baseball Raglan Tee Shirt Top (S-3XL)
TheLovely Men's 34 Sleeve Crew Neck Raglan Jersey Baseball Tee Shirts (Single and Multi Packs Availa.jpeg,TheLovely Men's 3/4 Sleeve Crew Neck Raglan Jersey Baseball Tee Shirts (Single and Multi Packs Available)
TheLovely Men & Women Long Sleeve Baseball Raglan Tee Shirt Top (S-3XL).jpeg,TheLovely Men & Women Long Sleeve Baseball Raglan Tee Shirt Top (S-3XL)
Ocean Blues Women's Halter Bikini Top Twist Bandeau Swimsuit Top Adjustable & Removable Straps Bikin.jpeg,Ocean Blues Women's Halter Bikini Top Twist Bandeau Swimsuit Top Adjustable & Removable Straps Bikini Bathing Suits for Women
Nexgrill 1 Burner Cast Aluminum Tabletop Propane Gas Grill - Black.jpeg,Nexgrill 1 Burner Cast Aluminum Tabletop Propane Gas Grill - Black
100% Cotton King Percale Duvet Set (3 Piece) Blue Distress Tile Print by Simply Put.jpeg,100% Cotton King Percale Duvet Set (3 Piece) Blue Distress Tile Print by Simply Put
"Lux Decor Collection Fitted Sheet - Ultra Soft Brushed Microfiber Full Size Fitted Sheet, Upto 16 In.jpeg","Lux Decor Collection Fitted Sheet - Ultra Soft Brushed Microfiber Full Size Fitted Sheet, Upto 16 Inches Deep Pocket Fitted Sheet Only, White"
Adult HD Cotton™ T-Shirt.jpeg,Adult HD Cotton™ T-Shirt
Adult HD Cotton™ T-Shirt.jpeg,Adult HD Cotton™ T-Shirt
Uvplove Women's Pocket Wide Leg Trousers Lightweight Pants High Waist Button Loose Trouser Work Casu.jpeg,"Uvplove Women's Pocket Wide Leg Trousers Lightweight Pants High Waist Button Loose Trouser Work Casual Business Pants,US Size XX-Large in Black"
"NELEUS Men's Workout Athletic Pants Running Sweatpants With Pockets Relaxed Fit,Black+Black,US Size .jpeg","NELEUS Men's Workout Athletic Pants Running Sweatpants With Pockets Relaxed Fit,Black+Black,US Size S"
"NELEUS Men's Workout Athletic Pants Running Sweatpants With Pockets Relaxed Fit,Black+Gray,US Size L.jpeg","NELEUS Men's Workout Athletic Pants Running Sweatpants With Pockets Relaxed Fit,Black+Gray,US Size L"
"FEDTOSING Relaxed Work Cargo Pants Outdoor Mens Pant Greyish Green,Size 40×34.jpeg","FEDTOSING Relaxed Work Cargo Pants Outdoor Mens Pant Greyish Green,Size 40×34"
"FEDTOSING Relaxed Work Cargo Pants Outdoor Mens Pant Gray,Size 38×36.jpeg","FEDTOSING Relaxed Work Cargo Pants Outdoor Mens Pant Gray,Size 38×36"
Comfort Canopy - 4 Piece Gray Small Polka Dot Bed Sheets for California King Bedding.jpeg,Comfort Canopy - 4 Piece Gray Small Polka Dot Bed Sheets for California King Bedding
Jessica London Women's Plus Size Elastic Waist Cotton Flowing Maxi Crinkled Skirt.jpeg,Jessica London Women's Plus Size Elastic Waist Cotton Flowing Maxi Crinkled Skirt
Unique Loom Rounded Trellis Frieze Rug IvoryGray 2' x 10' Runner Trellis Traditional Perfect For Bat.jpeg,Unique Loom Rounded Trellis Frieze Rug Ivory/Gray 2' x 10' Runner Trellis Traditional Perfect For Bathroom Hallway Mud Room Laundry Room
"(3 pack) Garnier Nutrisse Ultra Color, R24 Intense Bronze Red, Permanent Hair Dye, 1 kit.jpeg","(3 pack) Garnier Nutrisse Ultra Color, R24 Intense Bronze Red, Permanent Hair Dye, 1 kit"
"Holiday Pattern 1500 Series Sheet set (6-Piece) Bedding Set, Queen, Burgundy Reindeer.jpeg","Holiday Pattern 1500 Series Sheet set (6-Piece) Bedding Set, Queen, Burgundy Reindeer"
Roaman's Women's Plus Size Tall Complete Cotton Seamed Jean.jpeg,Roaman's Women's Plus Size Tall Complete Cotton Seamed Jean
"Hauteloom Berber Shag Collection - Fishhook Farmhouse Entryway, Bedroom, Kitchen Shaggy Runner Rug w.jpeg","Hauteloom Berber Shag Collection - Fishhook Farmhouse Entryway, Bedroom, Kitchen Shaggy Runner Rug with Tassel - Fluffy Plush High Pile Carpet - Southwestern Tribal Style - Beige, Black - 2'7"" x 7'3"""
Hauteloom Alstead Shag Moroccan Farmhouse 2'7 x 7'3 Runner BohemianGlobal 100% Polypropylene Charcoa.jpeg,"Hauteloom Alstead Shag Moroccan Farmhouse 2'7"" x 7'3"" Runner Bohemian/Global 100% Polypropylene Charcoal/Beige Runner"
Sanmadrola Sofa Covers Sectional Couch Loveseat Covers Throw Sofa Cover Sofa Slipcover for Most Shap.jpeg,Sanmadrola Sofa Covers Sectional Couch Loveseat Covers Throw Sofa Cover Sofa Slipcover for Most Shape Sofas Decor Cotton Polyester Blend Thick Throw Cover with Tassels
Bzees Womens Cabana Slip On Wedge Flip-Flops.jpeg,Bzees Womens Cabana Slip On Wedge Flip-Flops
"Creme of Nature Permanent Hair Color Red Copper 6.4, 1.0 CT.jpeg","Creme of Nature Permanent Hair Color Red Copper 6.4, 1.0 CT"
"Flxxie 1800 Count Double Brushed Microfiber Envelope Pillowcases Set of 2, King, 20 x 36, Purple.jpeg","Flxxie 1800 Count Double Brushed Microfiber Envelope Pillowcases Set of 2, King, 20"" x 36"", Purple"
MINTREUS Women's Nightgown Short Sleeve Nightshirt V Neck Sleep Shirt Loose Loungewear Casual Sleepw.jpeg,MINTREUS Women's Nightgown Short Sleeve Nightshirt V Neck Sleep Shirt Loose Loungewear Casual Sleepwear
BrylaneHome Pre-Lit Rod-Pocket Curtain Panel.jpeg,BrylaneHome Pre-Lit Rod-Pocket Curtain Panel
Roaman's Women's Plus Size Invisible Stretch Two-Tone Embroidered Bootcut Jeans.jpeg,Roaman's Women's Plus Size Invisible Stretch Two-Tone Embroidered Bootcut Jeans
"Cocokind Vitamin C Glow Serum for Bright, Even Skin Tone, All Skin Types, 1 oz.jpeg","Cocokind Vitamin C Glow Serum for Bright, Even Skin Tone, All Skin Types, 1 oz"
"TENCEL™ Lyocell Queen Sheet Set, 500 Thread Count Temperature-Regulating, Ultra Soft & Silky 4-Piece.jpeg","TENCEL™ Lyocell Queen Sheet Set, 500 Thread Count Temperature-Regulating, Ultra Soft & Silky 4-Piece Set Taupe by Aireolux"
SOUL Naturalizer Womens Intro Ankle Strap Casual Flats - Medium & Wide Width.jpeg,SOUL Naturalizer Womens Intro Ankle Strap Casual Flats - Medium & Wide Width
MINTREUS Women's Pajama Set Long Sleeve Sleepwear Ladies Soft Pjs Lounge Set.jpeg,MINTREUS Women's Pajama Set Long Sleeve Sleepwear Ladies Soft Pjs Lounge Set
Zenana Womens & Plus Stretch Cotton Foldover Waist Bootcut Workout Yoga Pants.jpeg,Zenana Womens & Plus Stretch Cotton Foldover Waist Bootcut Workout Yoga Pants
Roaman's Women's Plus Size Soft Knit Bermuda Short.jpeg,Roaman's Women's Plus Size Soft Knit Bermuda Short
Dearfoams Mens Original Quilted Nylon Warm Up Bootie House Slipper.jpeg,Dearfoams Mens Original Quilted Nylon Warm Up Bootie House Slipper
TheLovely Women & Plus Front and Back Reversible Spaghetti Strap Flowy Cami Tank Tops.jpeg,TheLovely Women & Plus Front and Back Reversible Spaghetti Strap Flowy Cami Tank Tops
TheLovely Women & Plus Front and Back Reversible Spaghetti Strap Flowy Cami Tank Tops.jpeg,TheLovely Women & Plus Front and Back Reversible Spaghetti Strap Flowy Cami Tank Tops
"Hauteloom Emirgazi Living Room, Bedroom Patio Outdoor Area Rug - Global - Blue, Gray - 4'3 x 5'11.jpeg","Hauteloom Emirgazi Living Room, Bedroom Patio Outdoor Area Rug - Global - Blue, Gray - 4'3"" x 5'11"""
"Pntutb Womens Skirt Clearance,Plus Size Women's Lace Patchwork High Waist Midi Skirt Gothic Pleated .jpeg","Pntutb Womens Skirt Clearance,Plus Size Women's Lace Patchwork High Waist Midi Skirt Gothic Pleated Skirt Rollback"
DII 14x72 Modern PVC Polyester Doubleframe Table Runner in Nautical Blue.jpeg,"DII 14x72"" Modern PVC Polyester Doubleframe Table Runner in Nautical Blue"
Zenana Women & Plus Relaxed Drawstring Waist Draped Basic Maxi Skirts with Side Pockets.jpeg,Zenana Women & Plus Relaxed Drawstring Waist Draped Basic Maxi Skirts with Side Pockets
KingSize Men's Big & Tall Pajama Lounge Shorts.jpeg,KingSize Men's Big & Tall Pajama Lounge Shorts
BariatricPal Divine Lite Protein & Fiber Bars - Peanut Pretzel Size 3-Pack.png,"BariatricPal Divine ""Lite"" Protein & Fiber Bars - Peanut Pretzel Size: 3-Pack"
Roaman's Women's Plus Size Tall Invisible Stretch All Day Bootcut Jean.jpeg,Roaman's Women's Plus Size Tall Invisible Stretch All Day Bootcut Jean
WallFlower Women's Legendary Bootcut Mid-Rise Insta Stretch Juniors Jeans (Standard and Plus).jpeg,WallFlower Women's Legendary Bootcut Mid-Rise Insta Stretch Juniors Jeans (Standard and Plus)
"Hard Tail Women's French Terry Sweatshirt and Pant Set, 2-Piece, Sizes S-3X.jpeg","Hard Tail Women's French Terry Sweatshirt and Pant Set, 2-Piece, Sizes S-3X"
"Hard Tail Women's French Terry Sweatshirt and Pant Set, 2-Piece, Sizes S-3X.jpeg","Hard Tail Women's French Terry Sweatshirt and Pant Set, 2-Piece, Sizes S-3X"
CPOKRTWSO Womens Summer Plus Size Tops Short Sleeve V Neck Buttons Pleated Flared Blouses M-4XL.png,CPOKRTWSO Womens Summer Plus Size Tops Short Sleeve V Neck Buttons Pleated Flared Blouses M-4XL
Amay 800 TC 100% Organic Cotton RV Short Queen Size 1Pc Fitted Sheet ( 60X75 ) Fits Mattress Upto 8-.jpeg,"Amay 800 TC 100% Organic Cotton RV Short Queen Size 1Pc Fitted Sheet ( 60X75 ) Fits Mattress Upto 8-10 inches, Teal Solid"
"Amay 800TC Organic Cotton Twin Size Fitted Sheet ( 39X75 ) Fits Mattress Upto 12-15 inches, Purple S.jpeg","Amay 800TC Organic Cotton Twin Size Fitted Sheet ( 39X75 ) Fits Mattress Upto 12-15 inches, Purple Solid"
Amay 800 TC 100% Organic Cotton California King Size 1Pc Fitted Sheet ( 72X84 ) Fits Mattress Upto 8.jpeg,"Amay 800 TC 100% Organic Cotton California King Size 1Pc Fitted Sheet ( 72X84 ) Fits Mattress Upto 8-10 inches, Hot Pink Solid"
HAWEE Rapunzel Costume for Girls Halloween Fancy Party Cosplay Dress Up Rapunzel Princess Dress 2-10.jpeg,HAWEE Rapunzel Costume for Girls Halloween Fancy Party Cosplay Dress Up Rapunzel Princess Dress 2-10Y
"Amay 800TC Organic Cotton Olympic Queen Size Fitted Sheet ( 66X80 ) Fits Mattress Upto 12-15 inches,.jpeg","Amay 800TC Organic Cotton Olympic Queen Size Fitted Sheet ( 66X80 ) Fits Mattress Upto 12-15 inches, White Solid"
"Wallflower Girls Denim Skirt, Sizes 7-16.jpeg","Wallflower Girls Denim Skirt, Sizes 7-16"
"Amay 800TC Organic Cotton Queen Size Fitted Sheet ( 60X80 ) Fits Mattress Upto 12-15 inches, Gold So.jpeg","Amay 800TC Organic Cotton Queen Size Fitted Sheet ( 60X80 ) Fits Mattress Upto 12-15 inches, Gold Solid"
"Amay 800TC Organic Cotton Split King Size Fitted Sheet ( 39X80 ) Fits Mattress Upto 12-15 inches, Be.jpeg","Amay 800TC Organic Cotton Split King Size Fitted Sheet ( 39X80 ) Fits Mattress Upto 12-15 inches, Beige Solid"
Chaco ZX1 EcoTread Sandal Big Kid Burlap Heather.jpeg,Chaco ZX/1 EcoTread Sandal Big Kid Burlap Heather
Levi's® Women’s Plus Size '94 Baggy Jeans.jpeg,Levi's® Women’s Plus Size '94 Baggy Jeans
"Mainstays 4 of a Kind Blackout Curtain Panels, Set of 4, Green, 28 W x 84 L.jpeg","Mainstays 4 of a Kind Blackout Curtain Panels, Set of 4, Green, 28"" W x 84"" L"
"Lochas Soft Fluffy Rugs Shag Area Rug Carpet for Bedroom Living Room Indoor Nursery Home Decor,5.3'x.jpeg","Lochas Soft Fluffy Rugs Shag Area Rug Carpet for Bedroom Living Room Indoor Nursery Home Decor,5.3'x7.5',Yellow"
"Mint's Colorful Life Butterfly Kite for Kids & Adults, Polyester Material Easy to Fly.jpeg","Mint's Colorful Life Butterfly Kite for Kids & Adults, Polyester Material Easy to Fly"
Yalamila WhatsBedding Down Comforter Feather Duvet Insert Cotton Summer Cool White Goose Duck Down C.jpeg,"Yalamila WhatsBedding Down Comforter Feather Duvet Insert Cotton Summer Cool White Goose Duck Down Comforter All Season Solid, Queen"
Woman Within Women's Plus Size Perfect Long-Sleeve Henley Tee.jpeg,Woman Within Women's Plus Size Perfect Long-Sleeve Henley Tee
"NELEUS Men's Performance Compression Shorts Athletic Workout Underwear 3 Pack,Black+Gray+Red,US Size.jpeg","NELEUS Men's Performance Compression Shorts Athletic Workout Underwear 3 Pack,Black+Gray+Red,US Size 3XL"
Hanes Boys 4-18 ComfortSmart Short Sleeve Tee.jpeg,Hanes Boys 4-18 ComfortSmart Short Sleeve Tee
IBTOM CASTLE Little Big Girls Flower Vintage Floral Lace 34 Sleeves Floor Length Dress Wedding Party.png,IBTOM CASTLE Little Big Girls Flower Vintage Floral Lace 3/4 Sleeves Floor Length Dress Wedding Party Evening Formal Pageant Dance Gown 5-6 Years Blue
IBTOM CASTLE Little Big Girls Flower Vintage Floral Lace 34 Sleeves Floor Length Dress Wedding Party.png,IBTOM CASTLE Little Big Girls Flower Vintage Floral Lace 3/4 Sleeves Floor Length Dress Wedding Party Evening Formal Pageant Dance Gown 7-8 Years Dark Green
Tony's Chocolonely 51% Dark Chocolate Bar with Almonds and Sea Salt.jpeg,Tony's Chocolonely 51% Dark Chocolate Bar with Almonds and Sea Salt
Dubinik Mens Short Sleeve Button Down Shirts 100% Cotton Plaid Men's Casual Button-Down Shirts with .jpeg,Dubinik Mens Short Sleeve Button Down Shirts 100% Cotton Plaid Men's Casual Button-Down Shirts with Pocket
Nlife Women's Bohemian High Waist Flowy Double Layer Maxi Skirt.jpeg,Nlife Women's Bohemian High Waist Flowy Double Layer Maxi Skirt
"50 x 84 in. Tranquil Lined Grommet Window Curtain Panel, Tan.jpeg","50 x 84 in. Tranquil Lined Grommet Window Curtain Panel, Tan"
Silicone Waterproof Dog Cat Pet Food Mats Tray - Non Slip Pet Dog Cat Bowl Mats Placemat - FDA Grade.jpeg,Silicone Waterproof Dog Cat Pet Food Mats Tray - Non Slip Pet Dog Cat Bowl Mats Placemat - FDA Grade Dog Pet Cat Feeding Mat-BLUE
"NYX Professional Makeup Brow Powder Louder, Brow Pencil, Soft Brown, 1 Count, Soft Brown, 0.04 oz.jpeg","NYX Professional Makeup Brow Powder Louder, Brow Pencil, Soft Brown, 1 Count, Soft Brown, 0.04 oz"
"(2 pack) L'Oreal Paris Feria Permanent Hair Color, 9V Pearl Blonde, 1 fl oz.jpeg","(2 pack) L'Oreal Paris Feria Permanent Hair Color, 9V Pearl Blonde, 1 fl oz"
Comfortview Heather Wide Calf Slouch Boot Mid Calf Women's Winter Shoes (Wide Widths Available).jpeg,Comfortview Heather Wide Calf Slouch Boot Mid Calf Women's Winter Shoes (Wide Widths Available)
PPYOUNG Womens Off Shoulder Long Sleeve Blouses Casual Tunic Tops.jpeg,PPYOUNG Womens Off Shoulder Long Sleeve Blouses Casual Tunic Tops
Bearsland Female Long Sleeve Maternity Nursing Top Breastfeeding Shirts 3-Pack.jpeg,Bearsland Female Long Sleeve Maternity Nursing Top Breastfeeding Shirts 3-Pack
"WHIPPY Women Leather Belt with Double Ring Buckle, Coffee Waist Belt for Jeans Dress.jpeg","WHIPPY Women Leather Belt with Double Ring Buckle, Coffee Waist Belt for Jeans Dress"
36MACMS Mens Wrangler Adv Comfort Slim Fit.jpeg,36MACMS Mens Wrangler Adv Comfort Slim Fit
Fruit of the Earth Vitamin E Skin Care Cream 4 oz Cream.jpeg,Fruit of the Earth Vitamin E Skin Care Cream 4 oz Cream
Astylish Women V Neck Boho Tops 2023 Fashion Dressy Floral Long Sleeve Shirts Size XL.jpeg,Astylish Women V Neck Boho Tops 2023 Fashion Dressy Floral Long Sleeve Shirts Size XL
2 Packs of Zenana Women Premium Cotton High Waist Full Ankle Length Leggings.jpeg,2 Packs of Zenana Women Premium Cotton High Waist Full Ankle Length Leggings
"Hanes Men's and Big Men's Beefy Tee with Short Sleeves, 2-Pack, Sizes S-6XL.jpeg","Hanes Men's and Big Men's Beefy Tee with Short Sleeves, 2-Pack, Sizes S-6XL"
LifeStride Womens Minimalist Pumps - Medium & Wide Width.jpeg,LifeStride Womens Minimalist Pumps - Medium & Wide Width
SOUL Naturalizer Womens Neela Lace Up Sneakers - Medium & Wide Width.jpeg,SOUL Naturalizer Womens Neela Lace Up Sneakers - Medium & Wide Width
Women's Vanity Fair 75201 Nearly Invisible Full Coverage Underwire Bra (Black 40C).jpeg,Women's Vanity Fair 75201 Nearly Invisible Full Coverage Underwire Bra (Black 40C)
Vanity Fair Womens Beauty Back Minimizer Bra Style-76-080.jpeg,Vanity Fair Womens Beauty Back Minimizer Bra Style-76-080
"L'Oreal Paris Double Extend Tubing Mascara Lengthening in 2 Steps, Black.jpeg","L'Oreal Paris Double Extend Tubing Mascara Lengthening in 2 Steps, Black"
Ecetana Womens Walking Shoes Lightweight Breathable Mesh Air Cushion Sneakers.jpeg,Ecetana Womens Walking Shoes Lightweight Breathable Mesh Air Cushion Sneakers
"PABUBE Kitchen Rug and Mat Kitchen Mat Anti Fatigue, Non Slips Kitchen Floor Mat, Kitchen Rug or Mat.jpeg","PABUBE Kitchen Rug and Mat Kitchen Mat Anti Fatigue, Non Slips Kitchen Floor Mat, Kitchen Rug or Mat Washable, 17""x 59"", Gray"
"PABUBE Bathroom Rug, Soft Absorbent Bathroom Mat, Non Slip Shag Bath Rug, Machine Washable Bath Mat,.jpeg","PABUBE Bathroom Rug, Soft Absorbent Bathroom Mat, Non Slip Shag Bath Rug, Machine Washable Bath Mat, 20""x 51"" , Khaki"
"No Boundaries Women's All Over Lace Push Up Bra with Sugarcup™, Sizes 34A-40DD.jpeg","No Boundaries Women's All Over Lace Push Up Bra with Sugarcup™, Sizes 34A-40DD"
"No Boundaries Women's All Over Lace Push Up Bra with Sugarcup™, Sizes 34A-40DD.jpeg","No Boundaries Women's All Over Lace Push Up Bra with Sugarcup™, Sizes 34A-40DD"
"Mott's Cinnamon Applesauce, 4 oz cups, 6 count.jpeg","Mott's Cinnamon Applesauce, 4 oz cups, 6 count"
Women's Long Sleeve Tunic Tops Casual Round Neck T-Shirts Front Twist Top.jpeg,Women's Long Sleeve Tunic Tops Casual Round Neck T-Shirts Front Twist Top
LookbookStore Women's Above Knee Length Tiered Babydoll Denim Dress Button Down A-Line Dress Roadkni.jpeg,LookbookStore Women's Above Knee Length Tiered Babydoll Denim Dress Button Down A-Line Dress Roadknight Blue Size S
Comfort Canopy - 3 Piece Rose Desert Stripe Microfiber Duvet Cover Set with Shams for Twin Beds.jpeg,Comfort Canopy - 3 Piece Rose Desert Stripe Microfiber Duvet Cover Set with Shams for Twin Beds
"SORMAG 3 Pieces Duvet Cover Set, Soft Washed Microfiber Duvet Cover Full with 2 Pillow Shams,Black.jpeg","SORMAG 3 Pieces Duvet Cover Set, Soft Washed Microfiber Duvet Cover Full with 2 Pillow Shams,Black"
"Maybelline Color Sensational Elixir Lip Lacquer, Caramel Infused.jpeg","Maybelline Color Sensational Elixir Lip Lacquer, Caramel Infused"
Jockey Women's Worry Free Cotton Stretch Heavy Absorbency Sleep S.jpeg,Jockey Women's Worry Free Cotton Stretch Heavy Absorbency Sleep S
Keevoom Mens Slim Fit Dress Pants Casual Stretch Flat-Front Plaid Chinos Pants.jpeg,Keevoom Mens Slim Fit Dress Pants Casual Stretch Flat-Front Plaid Chinos Pants
"BLAKE & CO. 2 Pack Junior's Cotton Rayon Push Up Bra with Adjustable Straps, Sizes 34B-40DD.jpeg","BLAKE & CO. 2 Pack Junior's Cotton Rayon Push Up Bra with Adjustable Straps, Sizes 34B-40DD"
"Collections Etc Lightweight All Weather Waterproof Comfort Clogs  Flexible, Non Slip  Black, White  .jpeg","Collections Etc Lightweight All Weather Waterproof Comfort Clogs | Flexible, Non Slip | Black, White | EVA | Ultra Comfortable | Easy to Wear | For Home or Office"
Modway Serena King Powder Coated Steel Headboard in White Finish.jpeg,Modway Serena King Powder Coated Steel Headboard in White Finish
Wolverine Carlsbad Waterproof 6 Steel-Toe Work Boot Men Brown.jpeg,"Wolverine Carlsbad Waterproof 6"" Steel-Toe Work Boot Men Brown"
Ruanyu Women Cap Sleeve Blouses T-Shirt V Neck Solid Basic Tops Ladies Casual Loose Fit Tee.jpeg,Ruanyu Women Cap Sleeve Blouses T-Shirt V Neck Solid Basic Tops Ladies Casual Loose Fit Tee
Zenana Women's Relaxed Fit V-Neck Short Sleeve Full Length Maxi Long Dress w Side Pockets.jpeg,Zenana Women's Relaxed Fit V-Neck Short Sleeve Full Length Maxi Long Dress w/ Side Pockets
CALIPESSA Womens Summer Fashion Sleeveless Floral Print Scoop Neck Racerback Casual Blue Tank Top.jpeg,CALIPESSA Womens Summer Fashion Sleeveless Floral Print Scoop Neck Racerback Casual Blue Tank Top
Swimsuit Coverup for Women Stripe Print Plus Size Beach Coverup Side Split Bathing Suit Cover Ups Al.jpeg,Swimsuit Coverup for Women Stripe Print Plus Size Beach Coverup Side Split Bathing Suit Cover Ups Alsol Lamesa
N'Ice Caps Kids Winter Thinsulate Waterproof Insulated Ski Snow Gloves  Boys Girls Children Pink.jpeg,N'Ice Caps Kids Winter Thinsulate Waterproof Insulated Ski Snow Gloves | Boys Girls Children Pink
Zenana Women's Soft Wide Waistband Active Fitness Tight Yoga Pants Leggings with Pockets.jpeg,Zenana Women's Soft Wide Waistband Active Fitness Tight Yoga Pants Leggings with Pockets
Kamo Women Plus Size Bathing Suits Printed 2 Piece Flowy Swimsuits V Neck Tankini Swimwear for Ladie.jpeg,Kamo Women Plus Size Bathing Suits Printed 2 Piece Flowy Swimsuits V Neck Tankini Swimwear for Ladies L-5XL
Amay Blackout Double Pinch Pleat Curtain Panel Dark Green 50W x 168L- 1Panel.jpeg,"Amay Blackout Double Pinch Pleat Curtain Panel Dark Green 50""W x 168""L- 1Panel"
Aiyino Women's V Neck Floral Spaghetti Strap Summer Casual Swing Dress with Pocket.jpeg,Aiyino Women's V Neck Floral Spaghetti Strap Summer Casual Swing Dress with Pocket
"Aiyino Women's Sleeveless Hollow Out Twist Bodycon Dress Wrap Slim Fit Party Evening Dresses L,Royal.jpeg","Aiyino Women's Sleeveless Hollow Out Twist Bodycon Dress Wrap Slim Fit Party Evening Dresses L,Royal Blue"
Aiyino Women's V Neck Floral Spaghetti Strap Summer Casual Swing Dress with Pocket.jpeg,Aiyino Women's V Neck Floral Spaghetti Strap Summer Casual Swing Dress with Pocket
Bagilaanoe Toddler Baby Boy One-Piece Swimsuit Print Long Sleeve Zipper Rashguard Swimwear 3M 6M 12M.jpeg,Bagilaanoe Toddler Baby Boy One-Piece Swimsuit Print Long Sleeve Zipper Rashguard Swimwear 3M 6M 12M 2T 3T 4T 5T Kids Beach Pool Shorts Bathing Suit
Wataxii Tear Away Shorts for Men Post Surgery Adaptive Clothing Mens Basketball Shorts Athletic Work.jpeg,Wataxii Tear Away Shorts for Men Post Surgery Adaptive Clothing Mens Basketball Shorts Athletic Workout Side Snaps Sweat Shorts Pants
"Aiyino Women's Sleeveless Hollow Out Twist Bodycon Dress Wrap Slim Fit Party Evening Dresses L,Grey.jpeg","Aiyino Women's Sleeveless Hollow Out Twist Bodycon Dress Wrap Slim Fit Party Evening Dresses L,Grey"
Thermajohn Long Johns Thermal Underwear for Men Crewneck Set (XS-4XL).jpeg,Thermajohn Long Johns Thermal Underwear for Men Crewneck Set (XS-4XL)
"Noble Linens 2-Piece Light Blue Soft Stripe Reversible Print Comforter Set, TwinTwinXL.jpeg","Noble Linens 2-Piece Light Blue Soft Stripe Reversible Print Comforter Set, Twin/TwinXL"
MOSHU Blouses for Women Dressy Casual Button Down Shirts Ruffle Sleeve V Neck Womens Tops.jpeg,MOSHU Blouses for Women Dressy Casual Button Down Shirts Ruffle Sleeve V Neck Womens Tops
"HIG Light Weight Down Alternative Comforter Set, Twin, Plum, Reversible.jpeg","HIG Light Weight Down Alternative Comforter Set, Twin, Plum, Reversible"
Fantaslook Dressy Blouses for Women Pleated Short Sleeve Tunic Tops Casual Floral Shirts.jpeg,Fantaslook Dressy Blouses for Women Pleated Short Sleeve Tunic Tops Casual Floral Shirts
"Covermates Built–In Grill Cover – Water Resistant, Cinching Drawcord, Grill and Heating, 54W x 33D x.jpeg","Covermates Built–In Grill Cover – Water Resistant, Cinching Drawcord, Grill and Heating, 54W x 33D x 18H, Black"
"Bare Home Plush Sherpa Bed Blanket - Fluffy & Soft - Reversible - Lightweight - TwinTwin XL, Buffalo.jpeg","Bare Home Plush Sherpa Bed Blanket - Fluffy & Soft - Reversible - Lightweight - Twin/Twin XL, Buffalo Plaid - White/Black"
"Snailax Vibration Foot Massager with Heat, Adjustable Foot Massager Machine with App Control, Gifts.jpeg","Snailax Vibration Foot Massager with Heat, Adjustable Foot Massager Machine with App Control, Gifts"
"Triple Slow Cooker with 3 Spoons, 3 Pot 1.5 Quart Oval Crock Food Warmer Buffet Server, Stainless St.jpeg","Triple Slow Cooker with 3 Spoons, 3 Pot 1.5 Quart Oval Crock Food Warmer Buffet Server, Stainless Steel"
"Outdoor Sun Hats for Men with 50+ UPF Protection Safari Cap Wide Brim Fishing Hat with Neck Flap, fo.jpeg","Outdoor Sun Hats for Men with 50+ UPF Protection Safari Cap Wide Brim Fishing Hat with Neck Flap, for Dad…"
FINETOO 6 Pack Lace Underwear For Women Invisible High Waist Thongs V-Shape Embroidery Floral Bikini.jpeg,FINETOO 6 Pack Lace Underwear For Women Invisible High Waist Thongs V-Shape Embroidery Floral Bikini Panties S-XL
AMITOFO Compression Socks for Women Wide Calf 3 Pairs Men Circulation 20-30mmHg Plus Size Knee High .jpeg,"AMITOFO Compression Socks for Women Wide Calf 3 Pairs Men Circulation 20-30mmHg Plus Size Knee High Support Stockings for Medical | Circulation | Nurses | Running | Travel,Black 4XL"
"Vulcanodon Mens Pajama Set 100% Cotton, Long Sleeve Button Down PJ Set for Men Plaid Men's Sleepwear.jpeg","Vulcanodon Mens Pajama Set 100% Cotton, Long Sleeve Button Down PJ Set for Men Plaid Men's Sleepwear(Red Blue-Plaid, Large)"
"Vulcanodon Mens Pajama Set 100% Cotton, Long Sleeve Button Down PJ Set for Men Plaid Men's Sleepwear.jpeg","Vulcanodon Mens Pajama Set 100% Cotton, Long Sleeve Button Down PJ Set for Men Plaid Men's Sleepwear(Red Blue-Plaid, Small)"
"Exclusivo Mezcla 4 Pack Microfiber Cabana Striped Large BeachPoolBath Towel for Adults (Yellow, 30 x.jpeg","Exclusivo Mezcla 4 Pack Microfiber Cabana Striped Large Beach/Pool/Bath Towel for Adults (Yellow, 30"" x 60"") - Soft, Quick Dry, Lightweight and Absorbent"
3 Packs - Womens & Plus Sizes Basic Solid Long Length Adjustable Spaghetti Strap Tank Tops.jpeg,3 Packs - Womens & Plus Sizes Basic Solid Long Length Adjustable Spaghetti Strap Tank Tops
4 inches Queen Size Cooling Gel-infused Memory Foam Mattress Topper for Pressure Relief.jpeg,4 inches Queen Size Cooling Gel-infused Memory Foam Mattress Topper for Pressure Relief
O'Keeffe's Working Hands Hand Cream 3oz.jpeg,O'Keeffe's Working Hands Hand Cream 3oz
"(3 pack) Garnier Nutrisse Nourishing Hair Color, 415 Soft Mahogany Dark Brown.jpeg","(3 pack) Garnier Nutrisse Nourishing Hair Color, 415 Soft Mahogany Dark Brown"
"Rest Haven Upholstered Square Tufted Headboard, Full, Charcoal.jpeg","Rest Haven Upholstered Square Tufted Headboard, Full, Charcoal"
"Reebok Women's Pro Series Performance Lightweight Low Cut Socks, 10-Pack.jpeg","Reebok Women's Pro Series Performance Lightweight Low Cut Socks, 10-Pack"
"Pompeii 14 Ct TDW Genuine Diamond Studs in 14k Yellow Gold (IJ,I2-I3).jpeg","Pompeii 1/4 Ct TDW Genuine Diamond Studs in 14k Yellow Gold (IJ,I2-I3)"
Jockey Men's Ultra Soft Pant.jpeg,Jockey Men's Ultra Soft Pant
"Asklazy Women's Summer Sleeveless Chiffon Blouse Business Casual Tank Flowy Tops for Women,US Size,W.jpeg","Asklazy Women's Summer Sleeveless Chiffon Blouse Business Casual Tank Flowy Tops for Women,US Size,Wine Red,M"
"Asklazy Women's Summer Sleeveless Chiffon Blouse Business Casual Tank Flowy Tops for Women,US Size,D.jpeg","Asklazy Women's Summer Sleeveless Chiffon Blouse Business Casual Tank Flowy Tops for Women,US Size,D Red,L"
Comfortview Meredith Bootie Short Ankle Boot Women's Winter Shoes (Wide Widths Available).jpeg,Comfortview Meredith Bootie Short Ankle Boot Women's Winter Shoes (Wide Widths Available)
"Fruit of the Loom Men's EverSoft CoolZone Fly Boxer Briefs, Super Value 10-Pack.jpeg","Fruit of the Loom Men's EverSoft CoolZone Fly Boxer Briefs, Super Value 10-Pack"
"Caroma Electric Scooter for Adult, 30Miles Range&20Mph Power by 20Off-Road Tire&Height Adjustable Se.jpeg","Caroma Electric Scooter for Adult, 30Miles Range&20Mph Power by 20""Off-Road Tire&Height Adjustable Seat, Foldable Scooter E Bike for Mountains, Snow, Road, Black"
Maidenform Tailored Cotton Boyshort Dream Comfortable Non binding Stretch Soft Underwear.jpeg,Maidenform Tailored Cotton Boyshort Dream Comfortable Non binding Stretch Soft Underwear
"DONAMA Cervical Neck Pillow for Pain Relief Sleeping,Memory Foam Pillow with Breathable Pillowcase,O.jpeg","DONAMA Cervical Neck Pillow for Pain Relief Sleeping,Memory Foam Pillow with Breathable Pillowcase,Orthopedic Ergonomic Contoured Support for Side,Back and Stomach,Queen Size 23.62""×14.17""×4.72"" Black"
"Grande Cosmetics GrandeLash MD Eyelash Formula, 2mL (New Packaging).jpeg","Grande Cosmetics GrandeLash MD Eyelash Formula, 2mL (New Packaging)"
"SHOWMALL Women's Casual Lightweight Open Front Cardigans Soft Draped 34 Sleeve Cardigan, US Size XL,.jpeg","SHOWMALL Women's Casual Lightweight Open Front Cardigans Soft Draped 3/4 Sleeve Cardigan, US Size XL, White"
Whale Flotilla Microfiber Queen Size (96x90 inches) Quilt Set Lightweight Quilted Bedspreads Coverle.jpeg,"Whale Flotilla Microfiber Queen Size (96x90 inches) Quilt Set Lightweight Quilted Bedspreads Coverlets Set with Stars Pattern, Grey, 3 Piece (1 Quilt, 2 Shams)"
Whale Flotilla Microfiber Twin Size (68x88 inches) Quilt Set Lightweight Quilted Bedspreads Coverlet.jpeg,"Whale Flotilla Microfiber Twin Size (68x88 inches) Quilt Set Lightweight Quilted Bedspreads Coverlets Set with Stars Pattern, Light Grey, 2 Piece (1 Quilt, 1 Sham)"
The Brigitte Lace - Wirefree T-Shirt Bra.jpeg,The Brigitte Lace - Wirefree T-Shirt Bra
Hanes Long Sleeve Men T-Shirt 2-Pack Beefy-T Crewneck Soft Cotton Full Cut S-3XL.jpeg,Hanes Long Sleeve Men T-Shirt 2-Pack Beefy-T Crewneck Soft Cotton Full Cut S-3XL
Bali Comfort Revolution Hi-Cut Brief Microfiber Womens Underwear Full Coverage Style-303J.jpeg,Bali Comfort Revolution Hi-Cut Brief Microfiber Womens Underwear Full Coverage Style-303J
"Exclusivo Mezcla Waffle Textured Soft Fleece Blanket, King Size Bed Blanket, Cozy Warm and Lightweig.jpeg","Exclusivo Mezcla Waffle Textured Soft Fleece Blanket, King Size Bed Blanket, Cozy Warm and Lightweight (Dark Grey, 90x104 inches)"
UVPLOVE Womens 2023 Fall Casual Turtleneck Batwing-Sleeved Chunky Oversized Ribbed Knit Tunic Sweate.jpeg,UVPLOVE Womens 2023 Fall Casual Turtleneck Batwing-Sleeved Chunky Oversized Ribbed Knit Tunic Sweaters in Pullover Style
UVPLOVE Womens 2023 Fall Casual Turtleneck Batwing-Sleeved Chunky Oversized Ribbed Knit Tunic Sweate.jpeg,UVPLOVE Womens 2023 Fall Casual Turtleneck Batwing-Sleeved Chunky Oversized Ribbed Knit Tunic Sweaters in Pullover Style
"Fabric Storage Dresser with 9 Drawers, Steel Frame & Wooden Top for Bedroom, Entryway, Nursery - Tal.jpeg","Fabric Storage Dresser with 9 Drawers, Steel Frame & Wooden Top for Bedroom, Entryway, Nursery - Tall Chest of Drawers for Organizing Clothes, Shoes, Toys & More, Black"
The Brigitte Classic - Underwire T-Shirt Bra.jpeg,The Brigitte Classic - Underwire T-Shirt Bra
Anygrew Womens Tops 2023 Summer Blouses V Neck Batwing Sleeve Tops Tie Knot Chiffon Button Down Casu.jpeg,Anygrew Womens Tops 2023 Summer Blouses V Neck Batwing Sleeve Tops Tie Knot Chiffon Button Down Casual Blouse
"Wonder Nation Boys Cushioned Ankle Socks, 10 Pack, Sizes S (4-8.5) - L (3-9).jpeg","Wonder Nation Boys Cushioned Ankle Socks, 10 Pack, Sizes S (4-8.5) - L (3-9)"
Women's Casual Cotton Blend Pockets Slim Fit Skinny Jegging Stretchy Jeans Pant S-3XL.jpeg,Women's Casual Cotton Blend Pockets Slim Fit Skinny Jegging Stretchy Jeans Pant S-3XL
TIYOMI Ladies Plus Size Tops Hot Pink Guipure Blouses Summer Short Sleeve 4X Lace Trim V Neck T-shir.jpeg,TIYOMI Ladies Plus Size Tops Hot Pink Guipure Blouses Summer Short Sleeve 4X Lace Trim V Neck T-shirts Casual Basic Solid Tee Spring Tunics 4XL 24W 26W
Jockey Women's Rib Knit Tee.jpeg,Jockey Women's Rib Knit Tee
Lolanta Summer Boys Suit Kids Wedding Ring Bearing Costume 4 Pcs Shirt Vest Shorts Set.jpeg,Lolanta Summer Boys Suit Kids Wedding Ring Bearing Costume 4 Pcs Shirt Vest Shorts Set
cheibear Women's Satin Lounge Tops with Shorts Silky Nightwear Pajama Sets.jpeg,cheibear Women's Satin Lounge Tops with Shorts Silky Nightwear Pajama Sets
"Puntoco Womens Plus Size Dress Clearance,Plus Size Women Lingerie Lace Halter Chemise Nightgown Unde.jpeg","Puntoco Womens Plus Size Dress Clearance,Plus Size Women Lingerie Lace Halter Chemise Nightgown Underwear Nightdress +T-String Sleepwear Suit Navy XXXL(XXXL)"
CPOKRTWSO Women's Plus Size 34 Roll Sleeves V Neck Henley Tunic Tops Casual Shirts M-14XL.jpeg,CPOKRTWSO Women's Plus Size 3/4 Roll Sleeves V Neck Henley Tunic Tops Casual Shirts M-14XL
Mens AUTHENTIC SHORT (B037).jpeg,Mens AUTHENTIC SHORT (B037)
YEMAK Women's Crewneck Button Down 34 Sleeve Cropped Knit Cardigan Sweater MK3514.jpeg,YEMAK Women's Crewneck Button Down 3/4 Sleeve Cropped Knit Cardigan Sweater MK3514
Aiyino Women L-5XL Plus Size High Waisted Sweatpants Drawstring Jogger Pants Tapered Athletic Workou.jpeg,Aiyino Women L-5XL Plus Size High Waisted Sweatpants Drawstring Jogger Pants Tapered Athletic Workout Yoga Lounge Pants
Catherines Women's Plus Size Beaded 3-Piece Cardigan Pant Set.jpeg,Catherines Women's Plus Size Beaded 3-Piece Cardigan Pant Set
Siliteelon Womens Short Sleeve Work Blouses Cotton Button Down Shirts Slim Fit.jpeg,Siliteelon Womens Short Sleeve Work Blouses Cotton Button Down Shirts Slim Fit
"NELEUS Womens 4 Spandex Booty Shorts Yoga Workout Athletic Shorts High Waist with Pockets,Purple,US .jpeg","NELEUS Womens 4"" Spandex Booty Shorts Yoga Workout Athletic Shorts High Waist with Pockets,Purple,US Size M"
"Beverly Hills Polo Club Girls School Uniform Skirt - 2 Pack Performance Scooter Skort for Girls, 4-1.jpeg","Beverly Hills Polo Club Girls School Uniform Skirt - 2 Pack Performance Scooter Skort for Girls, 4-16"
Aiyino Women Summer Bohemian Floral Casual Wrap V Neck Ruffle Cap Sleeveless Belt A-Line Pleated Hem.jpeg,Aiyino Women Summer Bohemian Floral Casual Wrap V Neck Ruffle Cap Sleeveless Belt A-Line Pleated Hem Swing Midi Sun Dress，Coffee
Amay 100% Cotton 600-Thread Count 4-PCs Sheet Set Easily Fit upto 21 Inch Deep Pockets Solid Califor.jpeg,"Amay 100% Cotton 600-Thread Count 4-PCs Sheet Set Easily Fit upto 21 Inch Deep Pockets Solid California King, White"
COEVALS CLUB Men's Embroidered Western Cowboy Long Sleeve Pearl Snap Two Pockets Casual Button up Sh.jpeg,COEVALS CLUB Men's Embroidered Western Cowboy Long Sleeve Pearl Snap Two Pockets Casual Button up Shirts Black 2-01 XX-Large
Amay 100% Cotton 600-Thread Count 4-PCs Sheet Set Easily Fit upto 21 Inch Deep Pockets Solid Grand K.jpeg,"Amay 100% Cotton 600-Thread Count 4-PCs Sheet Set Easily Fit upto 21 Inch Deep Pockets Solid Grand King, White"
IBTOM CASTLE Toddler Baby Girls 1st Birthday Outfit Princes Dress with Diaper Cover Lace Ruffles Rom.jpeg,IBTOM CASTLE Toddler Baby Girls 1st Birthday Outfit Princes Dress with Diaper Cover Lace Ruffles Romper Tutu for Cake Smash Photo Shoot 0-6 Months Yellow Daisy
"ellos Women's Plus Size Smocked Waist Midi Dress - 14, Beige Rust Ditsy Floral.jpeg","ellos Women's Plus Size Smocked Waist Midi Dress - 14, Beige Rust Ditsy Floral"
The Serena - Cotton Wirefree Sports Bra.jpeg,The Serena - Cotton Wirefree Sports Bra
"Amay 100% Cotton 600-Thread Count 4-PCs Sheet Set Easily Fit upto 21 Inch Deep Pockets Solid King, L.jpeg","Amay 100% Cotton 600-Thread Count 4-PCs Sheet Set Easily Fit upto 21 Inch Deep Pockets Solid King, Light Blue"
Amay 800TC Organic Cotton Twin XL Size Fitted Sheet ( 39X80 ) Fits Mattress Upto 21 inches Deep Pock.jpeg,"Amay 800TC Organic Cotton Twin XL Size Fitted Sheet ( 39X80 ) Fits Mattress Upto 21 inches Deep Pocket, Ivory Solid"
The Serena - Cotton Wirefree Sports Bra.jpeg,The Serena - Cotton Wirefree Sports Bra
Amay 800TC Organic Cotton Split King Size Fitted Sheet ( 39X80 ) Fits Mattress Upto 21 inches Deep P.jpeg,"Amay 800TC Organic Cotton Split King Size Fitted Sheet ( 39X80 ) Fits Mattress Upto 21 inches Deep Pocket, Sage Solid"
"Snickers Fun Size Halloween Chocolate Candy Bars, 18.71 oz Bag.jpeg","Snickers Fun Size Halloween Chocolate Candy Bars, 18.71 oz Bag"
"Mellanni Bedspread Coverlet Set Light Gray - Reversible Bedding Cover - Oversized Quilt Set, 2 Piece.jpeg","Mellanni Bedspread Coverlet Set Light Gray - Reversible Bedding Cover - Oversized Quilt Set, 2 Piece, Twin / Twin XL, Light Gray"
"Purina Beneful Incredibites Wet Dog Food for Small Adult Dogs, Real Beef, 3 oz. Cans (24 Pack).jpeg","Purina Beneful Incredibites Wet Dog Food for Small Adult Dogs, Real Beef, 3 oz. Cans (24 Pack)"
"V8 +Energy Black Cherry and Pomegranate Blueberry Juice Energy Drinks, 8 fl oz Can, 24 Count (4 Pack.jpeg","V8 +Energy Black Cherry and Pomegranate Blueberry Juice Energy Drinks, 8 fl oz Can, 24 Count (4 Packs of 6)"
Smallshow Long Sleeve Pregnancy Shirts Tops Maternity Clothes for Women 3-Pack.jpeg,Smallshow Long Sleeve Pregnancy Shirts Tops Maternity Clothes for Women 3-Pack
LifeStride Womens Zee Loafers - Medium & Wide Width.jpeg,LifeStride Womens Zee Loafers - Medium & Wide Width
"Better Homes & Gardens Signature Soft Mélange Bath Towel, Almond Biscuit.jpeg","Better Homes & Gardens Signature Soft Mélange Bath Towel, Almond Biscuit"
merci Holiday 14.1oz.jpeg,merci Holiday 14.1oz
"Hanes Essentials Men's Long Sleeve Cotton T-Shirt, Sizes S-3XL.jpeg","Hanes Essentials Men's Long Sleeve Cotton T-Shirt, Sizes S-3XL"
"Seventh Generation Toilet Bowl Cleaner Fresh Mint Chlorine Bleach & Ammonia Free, 24 oz.jpeg","Seventh Generation Toilet Bowl Cleaner Fresh Mint Chlorine Bleach & Ammonia Free, 24 oz"
"Purex Sta Flo Liquid Starch, Great for Crafts, Concentrated, 64 Ounce.jpeg","Purex Sta Flo Liquid Starch, Great for Crafts, Concentrated, 64 Ounce"
Playtex 18 Hour Wirefree Bra Ultimate Lift & Support Cushioned Women's 4745.jpeg,Playtex 18 Hour Wirefree Bra Ultimate Lift & Support Cushioned Women's 4745
"ChainsHouse Snake Ring for WomenMen,Stainless Steel Retro Punk Gothic Jewelry Antique OctopusSerpent.jpeg","ChainsHouse Snake Ring for Women/Men,Stainless Steel Retro Punk Gothic Jewelry Antique Octopus/Serpent Reptile Rings for Holiday Party Jewelry Gift ,Size 7-14(Box)"
Made by Johnny Women's Short Sleeve All Over Tie-Dye Tunic Top L BROWN.jpeg,Made by Johnny Women's Short Sleeve All Over Tie-Dye Tunic Top L BROWN
"X RAY JEANS Mens Belted 18 Inseam Below Knee Long Cargo Shorts, Plaid White, 48.jpeg","X RAY JEANS Mens Belted 18"" Inseam Below Knee Long Cargo Shorts, Plaid White, 48"
"X RAY JEANS Mens Belted 18 Inseam Below Knee Long Cargo Shorts, Grey, 36.jpeg","X RAY JEANS Mens Belted 18"" Inseam Below Knee Long Cargo Shorts, Grey, 36"
"Mainstays Blackout Curtain Panel Pair, Set of 2, Black, 30W x 84L.jpeg","Mainstays Blackout Curtain Panel Pair, Set of 2, Black, 30""W x 84""L"
Chiclily Dresses for Women Long Sleeve Round Neck Casual T Shirts Loose Fitting Sweater Tunic Dress .jpeg,"Chiclily Dresses for Women Long Sleeve Round Neck Casual T Shirts Loose Fitting Sweater Tunic Dress with Side Button, US Size Medium in Dark Grey"
"Athletic Works Men's and Big Men's 9 Knit Jersey Shorts, Sizes S-3XL.jpeg","Athletic Works Men's and Big Men's 9"" Knit Jersey Shorts, Sizes S-3XL"
"Exultantex Grey Blackout Curtains for Living Room,Pom Pom Thermal Window Curtains,50W x 95L, 2 Panel.jpeg","Exultantex Grey Blackout Curtains for Living Room,Pom Pom Thermal Window Curtains,50""W x 95""L, 2 Panels, Rod Pocket"
Durango® Women's Distressed Tan Slouch Western Boot Size 7(M).jpeg,Durango® Women's Distressed Tan Slouch Western Boot Size 7(M)
Anastasia Beverly Hills Norvina PRO Pigment Eyeshadow Palette Vol 3.jpeg,Anastasia Beverly Hills Norvina PRO Pigment Eyeshadow Palette Vol 3
"Homy Casa Teens Task Home Office Chair Ergonomic Small Cute Chair, Lumbar Support Breathable Mesh Se.jpeg","Homy Casa Teens Task Home Office Chair Ergonomic Small Cute Chair, Lumbar Support Breathable Mesh Seat for Student,Lime Yellow"
Aireolux 800TC Wrinkle-Resistant Supima Cotton Pillowcases King Blue.jpeg,Aireolux 800TC Wrinkle-Resistant Supima Cotton Pillowcases King Blue
"Whale Flotilla Faux Fur Sherpa King Size Blanket, Cozy Reversible Fuzzy Fluffy Plush Blankets with S.jpeg","Whale Flotilla Faux Fur Sherpa King Size Blanket, Cozy Reversible Fuzzy Fluffy Plush Blankets with Stylish for Winter Fall, Warm and Soft, 90x104 Inch, Emerald Green"
"Aunt Jackie's Curls & Coils Oh So Clean Moisturizing & Softening Shampoo, 12 fl oz, Damaged.jpeg","Aunt Jackie's Curls & Coils Oh So Clean Moisturizing & Softening Shampoo, 12 fl oz, Damaged"
The Lucille - Microfiber Lace Trim Bralette.jpeg,The Lucille - Microfiber Lace Trim Bralette
"Core Innovations Thermal Printer Paper & Sticker Bundle, (3) Adhesive & (2) Paper Rolls for Photos, .jpeg","Core Innovations Thermal Printer Paper & Sticker Bundle, (3) Adhesive & (2) Paper Rolls for Photos, Labels & Stickers, White (5 Rolls)"
LifeStride Womens Deja Vu Skimmers - Medium & Wide Width.jpeg,LifeStride Womens Deja Vu Skimmers - Medium & Wide Width
Swimsuits for All Women's Plus Size Flowy Tankini Top.jpeg,Swimsuits for All Women's Plus Size Flowy Tankini Top
"MLILY 5 inch Memory Foam Mattress for Kids, Twin Size Mattress for Bunk Bed, Purple, Medium.jpeg","MLILY 5 inch Memory Foam Mattress for Kids, Twin Size Mattress for Bunk Bed, Purple, Medium"
3 Pack - Clean & Clear Deep Action Cream Cleanser Oil-Free 6.50 oz Each.jpeg,3 Pack - Clean & Clear Deep Action Cream Cleanser Oil-Free 6.50 oz Each
"SmartMouth Original Activated Breath Rinse 16 oz, Adult.png","SmartMouth Original Activated Breath Rinse 16 oz, Adult"
Playtex 18 Hour Comfort Strap Bra.jpeg,Playtex 18 Hour Comfort Strap Bra
"(3 pack) L'Oreal Paris Superior Preference Fade-Defying Unisex Permanent Hair Color, 7LA Lightest Au.jpeg","(3 pack) L'Oreal Paris Superior Preference Fade-Defying Unisex Permanent Hair Color, 7LA Lightest Auburn,1 Kit"
DISCONTINUED Fruit of the Loom ® Youth HD Cotton  100% Cotton T-Shirt. 3930B.jpeg,DISCONTINUED Fruit of the Loom ® Youth HD Cotton  100% Cotton T-Shirt. 3930B
TIYOMI Plus Size Long Sleeve Tops For Women 3X Christmas Plaid Shirts Color Block Green Causal Blous.jpeg,TIYOMI Plus Size Long Sleeve Tops For Women 3X Christmas Plaid Shirts Color Block Green Causal Blouses Round Neck Tee Early Spring Fall Winter Pullover 3XL 20W 22W
"Barney Butter Almond Meal, 13 Oz.jpeg","Barney Butter Almond Meal, 13 Oz"
Gildan Unisex Heavy Blend Fleece Hooded Sweatshirt.jpeg,Gildan Unisex Heavy Blend Fleece Hooded Sweatshirt
VOIANLIMO Womens Plus Size Casual Tops V Neck Short Sleeve Shirt Floral Blouses Tunic Tops M-4X.jpeg,VOIANLIMO Womens Plus Size Casual Tops V Neck Short Sleeve Shirt Floral Blouses Tunic Tops M-4X
TIYOMI Plus Size 5X One Piece Swimsuit For Women Nave Blue Swimwear Ruffled Deep V Neck Suits Tummy .jpeg,TIYOMI Plus Size 5X One Piece Swimsuit For Women Nave Blue Swimwear Ruffled Deep V Neck Suits Tummy Control Bathing Suits 5XL 26W 28W
TIYOMI Plus Size Women's Surfing 2X Long Sleeve Swimsuits 2 Piece Blue Swimwear Rash Guard UPF 50+ S.jpeg,TIYOMI Plus Size Women's Surfing 2X Long Sleeve Swimsuits 2 Piece Blue Swimwear Rash Guard UPF 50+ Sun Protection Swimsuit Tummy Control Bathing Suits with Shorts 2XL 18W 20W
"Cutie Pie Dreamers Baby Boy & Toddler Boy 4PC Tight Fit Cotton Sleep Set, Size 12 Months-5T.jpeg","Cutie Pie Dreamers Baby Boy & Toddler Boy 4PC Tight Fit Cotton Sleep Set, Size 12 Months-5T"
"Chick Pea Baby Girl 3 PC French Terry Jogger Set, Sizes Newborn-24 Months.jpeg","Chick Pea Baby Girl 3 PC French Terry Jogger Set, Sizes Newborn-24 Months"
Sanmadrola 100% Waterproof Couch Covers Non-Slip Sofa Cover with Elastic Straps&Silicone Backing&Poc.jpeg,"Sanmadrola 100% Waterproof Couch Covers Non-Slip Sofa Cover with Elastic Straps&Silicone Backing&Pocket Washable Furniture Protector Slipcovers for Kids Pets Dogs, Beige, Chair"
"NELEUS Womens Compression Yoga Leggings for Workout High Waist Tummy Control with 2 Pockets,Black+Gr.jpeg","NELEUS Womens Compression Yoga Leggings for Workout High Waist Tummy Control with 2 Pockets,Black+Gray+Light Blue,US Size S"
Fantaslook V Neck Sweatshirts for Women Casual Long Sleeve Tops Oversized Sweatshirt With Pockets.jpeg,Fantaslook V Neck Sweatshirts for Women Casual Long Sleeve Tops Oversized Sweatshirt With Pockets
"Local Hive, Raw & Unfiltered, 100% U.S. Southwest Honey Blend, 16 oz Bottle.jpeg","Local Hive, Raw & Unfiltered, 100% U.S. Southwest Honey Blend, 16 oz Bottle"
SIXHOME Outdoor Mat Non Slip Doormat 17x30 Front Door Mat Absorbent Rubber Welcome Mat Low Profile D.jpeg,"SIXHOME Outdoor Mat Non Slip Doormat 17""x30"" Front Door Mat Absorbent Rubber Welcome Mat Low Profile Dirt Trapper Indoor Outdoor Doormat Thick Crosshatch Entryway Rug Outdoor Floor Mat Grey"
Rugking Runner Rug 2x12 Vintage Printed Grey Area Rug Stairway Carpet Home Accent Thin Rug For Hallw.jpeg,Rugking Runner Rug 2x12 Vintage Printed Grey Area Rug Stairway Carpet Home Accent Thin Rug For Hallway Bedroom Kitchen Living Room
"Bare Home Cozy Fleece Sheet Set - Extra Plush Polar Fleece - Deep Pocket - Split King, Black.jpeg","Bare Home Cozy Fleece Sheet Set - Extra Plush Polar Fleece - Deep Pocket - Split King, Black"
Roaman's Women's Plus Size Invisible Stretch Iconic A-Line Maxi Skirt.jpeg,Roaman's Women's Plus Size Invisible Stretch Iconic A-Line Maxi Skirt
Hanes French Terry Shorts Pockets Women's Gym Workout Originals 5 inseam xs-2xl.jpeg,Hanes French Terry Shorts Pockets Women's Gym Workout Originals 5 inseam xs-2xl
SENDEFN Small Womens Wallet Leather Bifold Card Holder RFID Blocking with Zipper Coin Pocket.jpeg,SENDEFN Small Womens Wallet Leather Bifold Card Holder RFID Blocking with Zipper Coin Pocket
nuLOOM Vintage Erline Area Rug.jpeg,nuLOOM Vintage Erline Area Rug
"ACEUR Trading Card Binder with 400 Side Loading Pockets,4 Pocket Trading Card Album Folder for TGC,M.jpeg","ACEUR Trading Card Binder with 400 Side Loading Pockets,4 Pocket Trading Card Album Folder for TGC,MTG, Baseball Cards, Yugioh"
Woman Within Women's Plus Size Perfect Printed Short-Sleeve Crewneck Tee.jpeg,Woman Within Women's Plus Size Perfect Printed Short-Sleeve Crewneck Tee
Dearfoams Women's Darcy Quilted Cuff Velour Clog House Slipper.jpeg,Dearfoams Women's Darcy Quilted Cuff Velour Clog House Slipper
2-PACK Medgear Scrubs for Men and Women Scrubs Set Medical Uniform Scrubs Top and Pants.jpeg,2-PACK Medgear Scrubs for Men and Women Scrubs Set Medical Uniform Scrubs Top and Pants
Uvplove Women's Fall Long Sleeve Crew Neck Loose Lightweight Knitted Pullover Sweater yh purple-l.jpeg,Uvplove Women's Fall Long Sleeve Crew Neck Loose Lightweight Knitted Pullover Sweater yh purple-l
Uvplove Women's Fall Long Sleeve Crew Neck Loose Lightweight Knitted Pullover Sweater dark khaki-l.jpeg,Uvplove Women's Fall Long Sleeve Crew Neck Loose Lightweight Knitted Pullover Sweater dark khaki-l
"Reebok Women's Pro Series Performance Lightweight Ankle Socks, 10-Pack.jpeg","Reebok Women's Pro Series Performance Lightweight Ankle Socks, 10-Pack"
Hanes Men's Perfect-T Tri-Blend Short Sleeve T-Shirt Solid Navy M.jpeg,Hanes Men's Perfect-T Tri-Blend Short Sleeve T-Shirt Solid Navy M
Roaman's Women's Plus Size Tall Invisible Stretch All Day Cargo Skirt.jpeg,Roaman's Women's Plus Size Tall Invisible Stretch All Day Cargo Skirt
Roaman's Women's Plus Size Invisible Stretch All Day Cargo Skirt.jpeg,Roaman's Women's Plus Size Invisible Stretch All Day Cargo Skirt
COMFREE Women's Camisole with Built in Bra Plus Size Tank Top Cami Flowy Casual Tops with Adjustable.jpeg,COMFREE Women's Camisole with Built in Bra Plus Size Tank Top Cami Flowy Casual Tops with Adjustable Strap (S-4XL)
SONGMICS 3-Tier Shoe Rack with Shelves for Closet Entryway Black.jpeg,SONGMICS 3-Tier Shoe Rack with Shelves for Closet Entryway Black
BERANMEY Cork Footbed Sandals for Women With Comfort Flat Slide Sandals Cork Footbed 2 Straps Adjust.jpeg,BERANMEY Cork Footbed Sandals for Women With Comfort Flat Slide Sandals Cork Footbed 2 Straps Adjustable Buckle Slip on Sandals with Comfort Arch Support for Slipper Couple Sandals Unisex Sandals
Instant Pho Vegetarian Pack of 4 Bowls  Authentic Vietnamese Soup  Pholicious Brand - New.jpeg,Instant Pho Vegetarian Pack of 4 Bowls / Authentic Vietnamese Soup / Pholicious Brand - New
"WHIMZEES Value Bag Stix Dental Chews, Small, Pack of 40.jpeg","WHIMZEES Value Bag Stix Dental Chews, Small, Pack of 40"
IBTOM CASTLE Toddler Baby Girls Boho Rainbow Tutu Floral Sequin Sleeveless Backless Ruffle Tulle Dre.jpeg,IBTOM CASTLE Toddler Baby Girls Boho Rainbow Tutu Floral Sequin Sleeveless Backless Ruffle Tulle Dress Princess Birthday Party Sundress 6-12 Months Hot Pink Sequin Dots
Amay Blackout Double Pinch Pleat Curtain Panel Draperies Navy Blue 84W x 132L-1 Panel.jpeg,"Amay Blackout Double Pinch Pleat Curtain Panel Draperies Navy Blue 84""W x 132""L-1 Panel"
Amay Blackout Double Pinch Pleat Curtain Panel Draperies Black 100W x 96L-1 Panel.jpeg,"Amay Blackout Double Pinch Pleat Curtain Panel Draperies Black 100""W x 96""L-1 Panel"
Amay 100% Cotton 600-Thread Count 4-PCs Sheet Set Easily Fit upto 24 Inch Deep Pockets Solid Pattern.jpeg,"Amay 100% Cotton 600-Thread Count 4-PCs Sheet Set Easily Fit upto 24 Inch Deep Pockets Solid Pattern ( RV Short Queen, Ivory )"
"Neutrogena Healthy Skin Glow Perfector Concealer Pen, Fair, .1 oz.jpeg","Neutrogena Healthy Skin Glow Perfector Concealer Pen, Fair, .1 oz"
Amay 100% Cotton 600-Thread Count 4-PCs Sheet Set Easily Fit upto 24 Inch Deep Pockets Solid Pattern.jpeg,"Amay 100% Cotton 600-Thread Count 4-PCs Sheet Set Easily Fit upto 24 Inch Deep Pockets Solid Pattern ( Queen, Dark Grey )"
Amay 100% Cotton 600-Thread Count 4-PCs Sheet Set Easily Fit upto 24 Inch Deep Pockets Stripe Patter.jpeg,"Amay 100% Cotton 600-Thread Count 4-PCs Sheet Set Easily Fit upto 24 Inch Deep Pockets Stripe Pattern ( Queen, Chocolate )"
Ginsiom Mens Jean Shorts Fashion Ripped Slim Rolled Denim Shorts.jpeg,Ginsiom Mens Jean Shorts Fashion Ripped Slim Rolled Denim Shorts
Sports Bra for Women High Impact V-Back Gym Yoga Strappy Padded Racerback Bras Large Bust Exercise A.jpeg,Sports Bra for Women High Impact V-Back Gym Yoga Strappy Padded Racerback Bras Large Bust Exercise Athletic Bras
16 Handwoven Cotton Throw Pillow Cover with Tufted designs and Side Tassels.jpeg,"16"" Handwoven Cotton Throw Pillow Cover with Tufted designs and Side Tassels"
"Russell Athletic Boys Active Woven Basketball Short, Sizes 4-18 & Husky.jpeg","Russell Athletic Boys Active Woven Basketball Short, Sizes 4-18 & Husky"
LifeStride Womens Charlotte Strappy Dress Sandals - Medium & Wide Width.jpeg,LifeStride Womens Charlotte Strappy Dress Sandals - Medium & Wide Width
LifeStride Womens Charlotte Strappy Dress Sandals - Medium & Wide Width.jpeg,LifeStride Womens Charlotte Strappy Dress Sandals - Medium & Wide Width
"Scoop Women’s V-Neck Top with Volume Sleeves, Sizes XS-XXL.jpeg","Scoop Women’s V-Neck Top with Volume Sleeves, Sizes XS-XXL"
"Women's Between-Seasons Jacket, Multiple Pockets, Short Boyfriend Coat.jpeg","Women's Between-Seasons Jacket, Multiple Pockets, Short Boyfriend Coat"
"California Design Den Queen Pillow Cases, Silky Smooth and Soft Cases for Hair & Skin, Fabric Rayon .jpeg","California Design Den Queen Pillow Cases, Silky Smooth and Soft Cases for Hair & Skin, Fabric Rayon from Bamboo, 2 Cooling Bamboo Pillow Cases Standard Size, Fits Standard & Queen Pillows, Navy Blue"
Women's 34 Sleeve V Neck Sequin Sparkle Glitzy Glam Wedding Party Dress Flapper Evening Club Cocktai.jpeg,Women's 3/4 Sleeve V Neck Sequin Sparkle Glitzy Glam Wedding Party Dress Flapper Evening Club Cocktail Bodycon Clubwear L Purple
"Pntutb Womens Shorts Clearance,New 2022 Women's Summer Casual with Pockets Drawstring Printed Ruffle.jpeg","Pntutb Womens Shorts Clearance,New 2022 Women's Summer Casual with Pockets Drawstring Printed Ruffles Shorts Rollback"
Amay Rod Pocket Window Curtain Panel Burgundy 100 Inch Wide by 96 Inch Long-1 Panel.jpeg,Amay Rod Pocket Window Curtain Panel Burgundy 100 Inch Wide by 96 Inch Long-1 Panel
"No Boundaries Flare Pants, 2-Pack, Women’s and Women’s Plus.jpeg","No Boundaries Flare Pants, 2-Pack, Women’s and Women’s Plus"
Shop LC TAMSY Navy Color Rayon Lycra Polyester V Neck Full Sleeve Woven Top-XL.jpeg,Shop LC TAMSY Navy Color Rayon Lycra Polyester V Neck Full Sleeve Woven Top-XL
Pink Queen Women's Tankini Swimsuit 2 Piece Tummy Control Bathing Suit Ruched Tankini Tops with Swim.jpeg,Pink Queen Women's Tankini Swimsuit 2 Piece Tummy Control Bathing Suit Ruched Tankini Tops with Swim Skirt Swimwear
"No Boundaries Flare Pants, 2-Pack, Women’s and Women’s Plus.jpeg","No Boundaries Flare Pants, 2-Pack, Women’s and Women’s Plus"
Zenana Women & Plus Luxe Rayon Short Sleeve V-Neck Hi-Low Hem Casual Tee-Shirt Top.jpeg,Zenana Women & Plus Luxe Rayon Short Sleeve V-Neck Hi-Low Hem Casual Tee-Shirt Top
"Chaps Men's & Big Men's Swim Trunks with UPF50+, 7 Inseam, Sizes S-3XL.jpeg","Chaps Men's & Big Men's Swim Trunks with UPF50+, 7"" Inseam, Sizes S-3XL"
Amay Blackout Grommet Curtain Panel Taupe 52 Inch Wide by 45 Inch Long- 1Panel.jpeg,Amay Blackout Grommet Curtain Panel Taupe 52 Inch Wide by 45 Inch Long- 1Panel
Free Country Men's Tech Stretch Short II - Blue L.jpeg,Free Country Men's Tech Stretch Short II - Blue L
Amay Blackout Double Pinch Pleat Curtain Panel Drapes Brown 150W x 96L- 1Panel.jpeg,"Amay Blackout Double Pinch Pleat Curtain Panel Drapes Brown 150""W x 96""L- 1Panel"
Amay Rod Pocket Window Curtain Panel Black 84 Inch Wide by 84 Inch Long-1 Panel.jpeg,Amay Rod Pocket Window Curtain Panel Black 84 Inch Wide by 84 Inch Long-1 Panel
Guy Harvey Men’s Core Tuna Short Sleeve T-Shirt.jpeg,Guy Harvey Men’s Core Tuna Short Sleeve T-Shirt
"Modern Diamond Plush Polypropylene Indoor Shag Area Rug with Fringe - 8' x 10’, Cream-Blue.jpeg","Modern Diamond Plush Polypropylene Indoor Shag Area Rug with Fringe - 8' x 10’, Cream-Blue"
Amay Blackout Grommet Curtain Panel Beige 42 Inch Wide by 108 Inch Long- 1Panel.jpeg,Amay Blackout Grommet Curtain Panel Beige 42 Inch Wide by 108 Inch Long- 1Panel
Amay Rod Pocket Window Curtain Panel Grey 84 Inch Wide by 120 Inch Long-1 Panel.jpeg,Amay Rod Pocket Window Curtain Panel Grey 84 Inch Wide by 120 Inch Long-1 Panel
"Soapbox Moisture Multiplying Body Wash for Women & Men, All Skin Types, Watermelon + Peony, 20 oz.jpeg","Soapbox Moisture Multiplying Body Wash for Women & Men, All Skin Types, Watermelon + Peony, 20 oz"
Amay Rod Pocket Window Curtain Panel Silver Grey 84 Inch Wide by 72 Inch Long-1 Panel.jpeg,Amay Rod Pocket Window Curtain Panel Silver Grey 84 Inch Wide by 72 Inch Long-1 Panel
"Simply Silver Mint Breath Spray - For Dry Mouth and Freshening, All Natural, Fluoride Free, 2 Fl Oz.jpeg","Simply Silver Mint Breath Spray - For Dry Mouth and Freshening, All Natural, Fluoride Free, 2 Fl Oz"
"Carve Designs Carson Jean - Womens, Favorite Fade, 8.jpeg","Carve Designs Carson Jean - Womens, Favorite Fade, 8"
"NELEUS Mens 2 in 1 Dry Fit Workout Shorts with Liner and Pockets,Black+Gray+Blue,US Size S.jpeg","NELEUS Mens 2 in 1 Dry Fit Workout Shorts with Liner and Pockets,Black+Gray+Blue,US Size S"
"Campbell's Condensed Heart Healthy Cream of Celery Soup, 10.5 oz Can.jpeg","Campbell's Condensed Heart Healthy Cream of Celery Soup, 10.5 oz Can"
"Little Debbie Nutty Bars Ice Cream Bars, 12 fl oz, 4 Count.png","Little Debbie Nutty Bars Ice Cream Bars, 12 fl oz, 4 Count"
"Whale Flotilla 3-Piece King Quilt Set, Soft Embossed Bedding Set, Lightweight Bedspread Coverlet wit.jpeg","Whale Flotilla 3-Piece King Quilt Set, Soft Embossed Bedding Set, Lightweight Bedspread Coverlet with Damask Vintage Pattern, Reversible Bed Cover for All Seasons, Bone"
HISEA Women's Rubber Rain Boots Waterproof Insulated Garden Shoes Outdoor Hunting Working Riding Muc.jpeg,HISEA Women's Rubber Rain Boots Waterproof Insulated Garden Shoes Outdoor Hunting Working Riding Muck Neoprene Boots Mid Calf
"Veehoo Cooling Elevated Dog Bed, Portable Raised Pet Cot with Washable Mesh, X Large, Black Silver.jpeg","Veehoo Cooling Elevated Dog Bed, Portable Raised Pet Cot with Washable Mesh, X Large, Black Silver"
"Great Bay Home Extra Plush Plaid Fleece Warm & Cozy Sheet Set  (Full, Plaid Grey).jpeg","Great Bay Home Extra Plush Plaid Fleece Warm & Cozy Sheet Set  (Full, Plaid Grey)"
"Purina ONE High Protein, Healthy Weight Dry Cat Food, +Plus Ideal Weight With Turkey, 7 lb. Bag.jpeg","Purina ONE High Protein, Healthy Weight Dry Cat Food, +Plus Ideal Weight With Turkey, 7 lb. Bag"
Ma Croix Womens Racerback Tank Top Sleeveless Top.jpeg,Ma Croix Womens Racerback Tank Top Sleeveless Top
Ecetana Mens Womens Water Shoes Quick Dry Barefoot Walking Beach Shoes.jpeg,Ecetana Mens Womens Water Shoes Quick Dry Barefoot Walking Beach Shoes
Fruit of the Loom Boys 6-20 HD Cotton Short Sleeve T-Shirt.jpeg,Fruit of the Loom Boys 6-20 HD Cotton Short Sleeve T-Shirt
"Brach's Assorted Flavors Autumn Mix Candy, Halloween Candy, 40 oz, Bag.jpeg","Brach's Assorted Flavors Autumn Mix Candy, Halloween Candy, 40 oz, Bag"
"Fresh Roasted Coffee, Indian Monsoon Water Decaf Coffee, Medium-Dark Roast Whole Bean, 80 oz.jpeg","Fresh Roasted Coffee, Indian Monsoon Water Decaf Coffee, Medium-Dark Roast Whole Bean, 80 oz"
"Organic Red Quinoa, 20 Pounds — Non-GMO, Raw, Kosher, Vegan — by Food to Live.jpeg","Organic Red Quinoa, 20 Pounds — Non-GMO, Raw, Kosher, Vegan — by Food to Live"
"Luxury Linen Turkish Hand Towels for Bathroom Set of 2, Diamond Weave Soft Cotton, 16 x 40 Inches De.jpeg","Luxury Linen Turkish Hand Towels for Bathroom Set of 2, Diamond Weave Soft Cotton, 16 x 40 Inches Decorative Peshtemal-Pack of 2, Turquoise"
MOSHU Tank Tops for Women Flowy Deep V Neck Women Shirts Loose Fit Summer Sleeveless Tops.jpeg,MOSHU Tank Tops for Women Flowy Deep V Neck Women Shirts Loose Fit Summer Sleeveless Tops
JWD Womens Loose Blouse Long Sleeve V Neck Button Down T Shirts Tie Front Knot Casual Tops Black S.jpeg,JWD Womens Loose Blouse Long Sleeve V Neck Button Down T Shirts Tie Front Knot Casual Tops Black S
"Yoyomax Office Chair, Ergonomic Home Office Desk Chairs, Computer Chair with Comfortable Armrests, M.jpeg","Yoyomax Office Chair, Ergonomic Home Office Desk Chairs, Computer Chair with Comfortable Armrests, Mesh Desk Chairs with Wheels, Black"
"COVERGIRL Clean Invisible Liquid Foundation, 165 Tawny, 1.0 fl oz.jpeg","COVERGIRL Clean Invisible Liquid Foundation, 165 Tawny, 1.0 fl oz"
Fantaslook U Neck Tank Top for Women Sleeveless Split Curved Hem Tunic Tops Summer Casual Tank Tops.png,Fantaslook U Neck Tank Top for Women Sleeveless Split Curved Hem Tunic Tops Summer Casual Tank Tops
"DreamBone DreamSticks with Real Peanut Butter and Chicken, Rawhide-Free Chews for Dogs, 13 Count.jpeg","DreamBone DreamSticks with Real Peanut Butter and Chicken, Rawhide-Free Chews for Dogs, 13 Count"
"Conlun Cat Litter Mat, 47 x 35 Premium Durable PVC, Non-Slip, Less Waste, Urine Waterproof.jpeg","Conlun Cat Litter Mat, 47"" x 35"" Premium Durable PVC, Non-Slip, Less Waste, Urine Waterproof"
"Parodontax Active Gum Repair Whitening Toothpaste -  Mint Flavor, 3.4 oz.jpeg","Parodontax Active Gum Repair Whitening Toothpaste -  Mint Flavor, 3.4 oz"
"Pntutb Womens Clearance,Men Pants Pants Sweatpants Hip-Hop Pants Legging Padded Casual Pants Rollbac.jpeg","Pntutb Womens Clearance,Men Pants Pants Sweatpants Hip-Hop Pants Legging Padded Casual Pants Rollback Clothes"
Amolife King Size Upholstered Platform Bed Frame with Adjustable Vertical Channel Tufted Velvet Head.jpeg,"Amolife King Size Upholstered Platform Bed Frame with Adjustable Vertical Channel Tufted Velvet Headboard, Dark Blue"
"Badger Kids Sunscreen Stick SPF 35 with Mineral Zinc Oxide, Travel Size Sunscreen Stick for Kids, 97.jpeg","Badger Kids Sunscreen Stick SPF 35 with Mineral Zinc Oxide, Travel Size Sunscreen Stick for Kids, 97% Organic Ingredients, Reef Friendly, Broad Spectrum, Water Resistant, .65 oz"
"HOTEEL 10x20 Party Tent Pop Up Canopy,Easy Up Outdoor Tent with Wheeled Bag& Curled Edge,Canopy Even.jpeg","HOTEEL 10x20 Party Tent Pop Up Canopy,Easy Up Outdoor Tent with Wheeled Bag& Curled Edge,Canopy Event Tents for Parties,Wedding,Backyard,Camping,White"
Bob's Red Mill Gluten Free Old Fashioned Rolled Oats 32 oz Pkg.png,Bob's Red Mill Gluten Free Old Fashioned Rolled Oats 32 oz Pkg
"OLD BAY Gluten Free Classic Seafood Seasoning, 6 oz Can.jpeg","OLD BAY Gluten Free Classic Seafood Seasoning, 6 oz Can"
"SHA CERLIN White Queen Size Platform Bed Frame with Velvet Channel Headboard, Adult.jpeg","SHA CERLIN White Queen Size Platform Bed Frame with Velvet Channel Headboard, Adult"
A2Y Women's Basic Casual Essentials 4-Button Junior-Fit PK Cotton Pique Polo Shirt Maroon XL.jpeg,A2Y Women's Basic Casual Essentials 4-Button Junior-Fit PK Cotton Pique Polo Shirt Maroon XL
StarBay Women's Floral Print Wedge Flip Flop with Cotton Thong in Fuchsia.jpeg,StarBay Women's Floral Print Wedge Flip Flop with Cotton Thong in Fuchsia
CARCOS Women's Cami With Built-In Shelf Bra Plus Stretch with Adjustable Spaghetti Straps Basic Unde.jpeg,CARCOS Women's Cami With Built-In Shelf Bra Plus Stretch with Adjustable Spaghetti Straps Basic Undershirt Layer Tank Top Black-L
Covermates Keepsakes - Dish Storage - Padded Protection - ID Window - Stain Resistant - Machine Wash.jpeg,"Covermates Keepsakes - Dish Storage - Padded Protection - ID Window - Stain Resistant - Machine Washable - China Storage, Red"
IBTOM CASTLE Kid Girls Butterfly Sequins Camisole Ballet Dance Dress Glitter Ruffle Tutu Skirt Dance.jpeg,IBTOM CASTLE Kid Girls Butterfly Sequins Camisole Ballet Dance Dress Glitter Ruffle Tutu Skirt Dancewear
"FabricLA Comfort Shaggy Luxury Soft Faux Fur Fabric Soft Trim Size, 60â€ x 4â€ inch Elegant Choice.jpeg","""FabricLA Comfort Shaggy Luxury Soft Faux Fur Fabric Soft Trim Size, 60â€ x 4â€ inch Elegant Choice Ribbon (Ivory)"""
Suavecito Texturizing Powder 1.75 oz.jpeg,Suavecito Texturizing Powder 1.75 oz
"VOUA Electric Heated Mattress Pad, White King.jpeg","VOUA Electric Heated Mattress Pad, White King"
Comfies French Bulldog Unisex Cotton Blend Pajama Bottoms - Gift for Pet Lovers.jpeg,Comfies French Bulldog Unisex Cotton Blend Pajama Bottoms - Gift for Pet Lovers
Comfies Border Collie Unisex Cotton Blend Pajama Bottoms - Gift for Pet Lovers.jpeg,Comfies Border Collie Unisex Cotton Blend Pajama Bottoms - Gift for Pet Lovers
"Bare Home Fitted Sheet - 22 Extra Deep Pocket - Premium 1800 Collection - King, 22 Pocket, Red.jpeg","Bare Home Fitted Sheet - 22"" Extra Deep Pocket - Premium 1800 Collection - King, 22"" Pocket, Red"
"Parent's Choice Dry & Gentle Diapers Size 4, 192 Count (Select for More Options).jpeg","Parent's Choice Dry & Gentle Diapers Size 4, 192 Count (Select for More Options)"
"Saucony Jazz Kid's Easy OnOff Sneaker, Sizes 4-12.jpeg","Saucony Jazz Kid's Easy On/Off Sneaker, Sizes 4-12"
"(3 pack) Hask Keratin Smoothing Deep Conditioner, 1.75 oz, Travel Size.jpeg","(3 pack) Hask Keratin Smoothing Deep Conditioner, 1.75 oz, Travel Size"
"Softsoap Hand Soap Tablets Sparkling Lavender, Refill Tablets (3 Count).jpeg","Softsoap Hand Soap Tablets Sparkling Lavender, Refill Tablets (3 Count)"
"Softsoap Hand Soap Tablets Lemon Fizz, Refill Tablets (3 Count).jpeg","Softsoap Hand Soap Tablets Lemon Fizz, Refill Tablets (3 Count)"
"Zuke's Mini Naturals Soft Dog Training Treats, Duck Flavor, Tender Dog Chew Snacks, 16 oz Pouch.jpeg","Zuke's Mini Naturals Soft Dog Training Treats, Duck Flavor, Tender Dog Chew Snacks, 16 oz Pouch"
LifeStride Womens Katrina 2 Wedge Espadrilles - Medium & Wide Width.jpeg,LifeStride Womens Katrina 2 Wedge Espadrilles - Medium & Wide Width
Jessica London Women's Plus Size Stretch Cotton Tank Maxi Dress.jpeg,Jessica London Women's Plus Size Stretch Cotton Tank Maxi Dress
Jessica London Women's Plus Size Scoop-Neck Sweater Tank.jpeg,Jessica London Women's Plus Size Scoop-Neck Sweater Tank
Hauteloom Casablanca Collection Living Room Bedroom Area Rug - Cozy Moroccan Farmhouse Carpet - Blac.jpeg,"Hauteloom Casablanca Collection Living Room Bedroom Area Rug - Cozy Moroccan Farmhouse Carpet - Black, Brown, Beige - 3'11"" x 5'7"""
LETDIOSTO Women's Plus Size Tops Short Sleeve Shirts Lace Pleated Tunic Causal Tee Blouses M-4XL.jpeg,LETDIOSTO Women's Plus Size Tops Short Sleeve Shirts Lace Pleated Tunic Causal Tee Blouses M-4XL
"FUBU Men's Knight Basketball High-Top Shoes, Sizes 7-13.jpeg","FUBU Men's Knight Basketball High-Top Shoes, Sizes 7-13"
Minnetonka Women's Textile Torrey Laceup Bootie Slipper.jpeg,Minnetonka Women's Textile Torrey Laceup Bootie Slipper
Reebok Flexagon Energy 4 Men's Training Shoes.jpeg,Reebok Flexagon Energy 4 Men's Training Shoes
"Wrangler Men's Cotton Stretch Boxer Brief Set, Boxer Briefs Underwear for Men, L, 6 Pack.jpeg","Wrangler Men's Cotton Stretch Boxer Brief Set, Boxer Briefs Underwear for Men, L, 6 Pack"
"Gloria Vanderbilt Women's High Rise Slender Series Tummy Sculpt Culottes Jeans, 23 Inseam.jpeg","Gloria Vanderbilt Women's High Rise Slender Series Tummy Sculpt Culottes Jeans, 23"" Inseam"
Pennysue Women's Cork Footbed Slide Sandals with Arch Support 2 Strap Adjustable Buckle Glitter Slip.jpeg,Pennysue Women's Cork Footbed Slide Sandals with Arch Support 2 Strap Adjustable Buckle Glitter Slip on Slipper Shoes Softey Flat Sandals 10M
"VIP JEANS Teen Girls's Size Skinny Sleeveless Zip Jumpsuit Romper, Black Denim, Plus 24W.jpeg","VIP JEANS Teen Girls's Size Skinny Sleeveless Zip Jumpsuit Romper, Black Denim, Plus 24W"
UVN Sweatshirts for Women Square Neck Long Sleeve Shirts Casual Tunic Tops.jpeg,UVN Sweatshirts for Women Square Neck Long Sleeve Shirts Casual Tunic Tops
"Algherohein Dog Gate for Inside,Bamboo Freestanding Pet Gate for Doorways,24 Brown.jpeg","Algherohein Dog Gate for Inside,Bamboo Freestanding Pet Gate for Doorways,24"" Brown"
TIYOMI Women's Plus Size Pants Full Length 3X Brown Ankle Leggings Stretchy Soft Casual Butt Fit Leg.jpeg,TIYOMI Women's Plus Size Pants Full Length 3X Brown Ankle Leggings Stretchy Soft Casual Butt Fit Leggings Solid Color Bottom Autumn Winter Wear Out Pants 3XL 22W 24W
TIYOMI Ladies Plus Size Thickened Pants 4X Beige Casual Full Length Ankle Leggings Flesh Color High .jpeg,TIYOMI Ladies Plus Size Thickened Pants 4X Beige Casual Full Length Ankle Leggings Flesh Color High Waist Nude Leggings Butt Fit Bottom Pants Fall Winter Pants 4XL 24-26
"Marvel Avengers Boys’ Swim Trunks – Captain America, Iron Man, Hulk, Black Panther Swimsuit –(2T-12).jpeg","Marvel Avengers Boys’ Swim Trunks – Captain America, Iron Man, Hulk, Black Panther Swimsuit –(2T-12)"
"Just Love Women Tie Dye Pajama Pants (Tie Dye Bright Spotty, 2X Plus).jpeg","Just Love Women Tie Dye Pajama Pants (Tie Dye Bright Spotty, 2X Plus)"
"Mellanni Sheet Set Iconic Luxury Brushed Microfiber, Deep Pocket Sheet, 4 Piece King Paisley Gray.jpeg","Mellanni Sheet Set Iconic Luxury Brushed Microfiber, Deep Pocket Sheet, 4 Piece King Paisley Gray"
"Mellanni Sheet Set Hotel Luxury Brushed Microfiber, Deep Pocket Sheet, 3 Piece Twin Ivory.jpeg","Mellanni Sheet Set Hotel Luxury Brushed Microfiber, Deep Pocket Sheet, 3 Piece Twin Ivory"
"Yalamila WhatsBedding 2 Pieces Bed in a Bag Comforter Set Duvet Insert,Reversible,Pink,Twin.jpeg","Yalamila WhatsBedding 2 Pieces Bed in a Bag Comforter Set Duvet Insert,Reversible,Pink,Twin"
Anygrew Women's Pajamas Set Long Sleeve Shirts and Long Pants 2 Piece Pjs Sleepwear with Pockets.jpeg,Anygrew Women's Pajamas Set Long Sleeve Shirts and Long Pants 2 Piece Pjs Sleepwear with Pockets
"Hanes Authentic Men's Short Sleeve Crewneck T-Shirt, Big and Tall Sizes Available S-5XL.jpeg","Hanes Authentic Men's Short Sleeve Crewneck T-Shirt, Big and Tall Sizes Available S-5XL"
Made by Johnny Women's Chic Tie Dye Palazzo Pants M AQUA.jpeg,Made by Johnny Women's Chic Tie Dye Palazzo Pants M AQUA
Hermes Terre D'Hermes Eau De Toilette Spray for Men 3.4 oz.jpeg,Hermes Terre D'Hermes Eau De Toilette Spray for Men 3.4 oz
"VECELO Queen Size Metal Bed Frame with Victorian Style Headboard and Footboard, 12.6 Inch Platform B.jpeg","VECELO Queen Size Metal Bed Frame with Victorian Style Headboard and Footboard, 12.6 Inch Platform Bed Frame with Metal Slats Support, Modern Heavy Duty Mattress Foundation, No Box Spring Needed,White"
JOURNEE COLLECTION Womens Burgundy Geometric Zipper Accent Padded Sarah Square Toe Block Heel Zip-Up.jpeg,JOURNEE COLLECTION Womens Burgundy Geometric Zipper Accent Padded Sarah Square Toe Block Heel Zip-Up Dress Booties 11
"Zinus 8 Calm Green Tea Cooling Gel Memory Foam Mattress, Pressure Relieving, Adult, King.jpeg","Zinus 8"" Calm Green Tea Cooling Gel Memory Foam Mattress, Pressure Relieving, Adult, King"
"(2 pack) Native Deodorant, Coconut & Vanilla, Aluminum Free, for Women and Men, 2.65 oz.jpeg","(2 pack) Native Deodorant, Coconut & Vanilla, Aluminum Free, for Women and Men, 2.65 oz"
Roaman's Women's Plus Size Petite Invisible Stretch Iconic Capri Jean.jpeg,Roaman's Women's Plus Size Petite Invisible Stretch Iconic Capri Jean
"Exclusivo Mezcla Bed Quilt Set Twin Size for All Seasons, Stitched Pattern Quilted Bedspread Bedding.jpeg","Exclusivo Mezcla Bed Quilt Set Twin Size for All Seasons, Stitched Pattern Quilted Bedspread/ Bedding Set/ Coverlet with 1 Pillow sham, Lightweight and Soft, Turquoise"
Fantaslook Fall Sweatshirts for Women Crewneck Puff Sleeve Tops Fashion Shirts.jpeg,Fantaslook Fall Sweatshirts for Women Crewneck Puff Sleeve Tops Fashion Shirts
Liberty Blues Men's Big & Tall Longer-Length Shrink-Less Piqué Polo.jpeg,Liberty Blues Men's Big & Tall Longer-Length Shrink-Less Piqué Polo
"Riviera Sun Rasta Short Sleeve Umbrella Dresses for Women 21929-S (Rasta 2, Medium).jpeg","Riviera Sun Rasta Short Sleeve Umbrella Dresses for Women 21929-S (Rasta 2, Medium)"
"Time and Tru Women's Cotton Peplum Top with Tie Back, Sizes XS-XXXL.jpeg","Time and Tru Women's Cotton Peplum Top with Tie Back, Sizes XS-XXXL"
Bella Vita Nadette II Espadrille Wedge Sling Back Sandals (Women).jpeg,Bella Vita Nadette II Espadrille Wedge Sling Back Sandals (Women)
Authentic Hotel and Spa  Unisex Navy Blue Turkish Cotton Terry Bath Robe with White Block Monogram Z.jpeg,Authentic Hotel and Spa  Unisex Navy Blue Turkish Cotton Terry Bath Robe with White Block Monogram Z S/M
"Pntutb Womens Clearance,Women's Plus Size Solid O-Neck Loose Short Sleeve T-Shirt Pullover Tops Roll.jpeg","Pntutb Womens Clearance,Women's Plus Size Solid O-Neck Loose Short Sleeve T-Shirt Pullover Tops Rollback Clothes"
